Edge_0,Edge_1,Edge_2,Edge_3,Edge_4,Edge_5,Edge_6,Edge_7,Edge_8,Edge_9,Edge_10,Edge_11,Edge_12,Edge_13,Edge_14,Edge_15,Edge_16,Edge_17,Edge_18,Edge_19
0.13967945834555773,0.22304170569505333,0.07557428645992814,0.17083217743711998,0.02565243711910163,0.23869327000444374,0.1771448471356115,-0.18203536053484165,0.07562308643655599,0.1362281996305801,-0.26753171328066117,0.003999845308960123,-0.06184614500402358,0.11471316684072952,0.04111994169076601,0.2841016847049902,,0.16647785343572036,0.052809703701644034,0.21397177239274562
0.07862060156475159,-0.0894874666817462,-0.0025535407451534597,-0.3333469961756387,0.041903092041721574,-0.020842707531253002,-0.18384797180461268,-0.09046916025658006,-0.07911711211356214,0.06521889508334582,0.3015109017361623,0.24298115226633374,0.27043805694651274,0.1694381937068614,0.27831399599870765,-0.039791444732716286,,0.09728046812928645,0.3579657502872204,0.3928381744024334
0.07751097968915643,0.21454445009324385,0.04022266759919535,0.022517900808563418,-0.01202120850703433,0.06529563979785316,0.09492959191556924,0.028282406813056583,0.10319066563913198,-0.11272469690889884,-0.33924232685172195,-0.15986459315348908,-0.3065640879045478,-0.02020589030450238,-0.18443487287509067,0.2002385222088262,,0.09997315673039217,0.08097256667315683,0.07315509442553086
0.036105061180829345,-0.18083499410686438,-0.015396512788907912,0.07691570297136174,0.17175880636443888,0.06287806024917439,0.011731368830073995,0.11194092459020062,0.0986651228280244,0.22328540142959924,0.1763065748795751,-0.16891609202432253,-0.056662518971514725,0.04640248030379164,-0.07996626241797013,-0.13681017957827546,,-0.06705658749072319,0.20656558243130707,0.1918536269453202
0.12375681930672922,0.14827217472839094,-0.0037162194009790483,0.15521163511918717,0.12866411969895053,0.21034476571768423,0.23745322799031904,0.2121162668189932,0.32712015376310427,-0.19665157220254945,-0.21061593248014415,-0.1645989251554582,-0.3063606600074074,0.13099947657200087,-0.22941965658091903,0.2799157199669976,,0.19170891736066425,0.13972995607856087,0.2258836809861624
-0.10249998451694714,-0.3840479130681419,0.0672095765794537,0.28902570141594586,0.06119016190139613,0.10254213370422088,-0.05342264774269871,0.007186501216503216,0.07366110598915261,0.19093630724428137,0.28895709745895987,0.05137712623777339,0.2603657226829636,0.2618876432461623,0.19072195472221956,0.056745257780460856,,0.36897683796117403,0.18092371110634736,0.2793934854669686
-0.09825379486990432,0.1503797997575354,-0.031141705273796172,0.09133766171489602,0.06396986105661523,0.048754821984146574,0.04683910978264327,0.12501216045631625,0.006345604476811682,-0.06580659552964577,-0.15231472569937513,-0.09241302943609739,-0.21732865200832188,0.04747625016884255,0.05177832857945179,-0.002148510294236211,,-0.05323409984142671,-0.054251066913411986,-0.07251571413636491
0.07114647647085093,-0.03935508370751742,0.15178329988481576,0.19675504400529126,0.27638346274322173,0.08986169071796615,0.10316523409985429,0.17585936706028915,0.2938596507501342,0.10468621386235033,-0.007307364582870049,0.12333217254342128,0.3297088020969696,0.18563852238696504,0.09637373730087331,-0.19203319847761516,,-0.10427165428707846,0.1106722374371153,0.028078113761421664
0.0583038351036983,0.15506934261148209,-0.044155792814008665,-0.12636991192299052,-0.03834039293686604,-0.11672823605122964,-0.028513373483251267,-0.06311284137572841,-0.09004913165230408,0.02004733927332958,-0.10417257419877363,-0.022608407605502326,-0.16558029146870493,-0.13862051848124127,0.039583542553372666,0.17376835970807336,,-0.05522490910803105,-0.012241333609597185,-0.12759187405470954
0.05983071281823482,0.047309039233900896,-0.025731357318968306,0.04610807143275136,0.07027113777565394,-0.12815950396243822,-0.04970950257910089,-0.009227064653232142,0.013182559898402916,0.0632119112446386,-0.04512542488495002,0.16776890006819858,0.09481251224468737,0.008979850985888868,-0.006952909684665165,-0.13410255854072148,,0.12566950118361225,-0.15680843958174362,-0.11034318957754086
0.15279189712842378,0.24246002213477436,0.07531701314363548,0.022328022610069748,0.12007931756718815,-0.25903844712050744,-0.21072932810683076,-0.1205701239281464,0.049086587782004976,-0.038345834737982136,0.16590035939474282,-0.254005558444722,-0.22576446083566948,-0.14212551201318424,-0.08935831663877257,0.23684833216625245,,0.06770287097049464,0.061695667893086725,-0.2467496059561104
-0.05807196157041494,-0.17912618401341235,-0.05496113164113936,0.20222603476646622,0.11212220784497556,0.05061086198445516,0.08439090297219806,0.1687089525734115,0.18065219528849977,0.08759354519855202,0.09824031857708929,0.22398727944817642,0.2486896681693125,0.04031045425719963,0.15298918879413376,-0.10605811117189219,,-0.004318699680633423,0.16568058874058522,0.12534656296589647
-0.13994534370830636,0.009175653491804214,-0.13479765855249395,0.1598862625193604,-0.034155089186047136,0.15208561392490821,0.08874653957754161,-0.009990520419773996,-0.28993930526295786,0.04199400142994024,-0.07568930776301401,0.1682128423743239,0.14727874657036344,-0.0029113796654634955,-0.03180262049978328,0.23297499590563975,,0.05050502362925484,-0.03225271501179383,-0.146311970754687
-0.11699792018589555,-0.09425581458046335,0.01691415231030302,-0.1342650029906743,0.19202219734928302,-0.03286565277636942,0.04513475818100347,-0.0009808918328406274,0.07167996938428596,-0.049725953236641064,0.20467095033857483,0.2599705067993974,0.19988433111463894,-0.1479671339459271,0.13402603550562314,-0.31852113485413663,,-0.03706171560254879,0.09387935665053096,0.16384634431936101
0.13017085751448265,0.07756887757757641,-0.018584099832256562,-0.16057028092014866,0.006032389768904058,-0.09184428369958662,0.085124249403178,-0.24263920864824734,-0.19649002847249575,0.11717916971092487,0.007747500828386274,-0.014255564605180973,-0.07762847528306091,0.02874684081316535,0.09886404176754542,0.21358439036209081,,-0.0999130204799511,0.0009706174970827569,-0.18153643684285414
0.01013075720434331,-0.07694039143043517,0.14559038252944279,-0.14260953080478728,0.34045674903560186,0.20988596385477998,0.046069259947502675,0.05499536588989374,0.3011731322732497,0.13452299091298864,-0.11069548923575762,0.11087164339322021,0.25945336059302176,0.22354796713492625,0.21657487281944698,0.029278084242316177,,-0.03507563022883191,-0.010333677476067199,-0.033670092712337577
0.17515062798801762,-0.06326856952774265,-0.07446123877209265,-0.008406137338417774,-0.023222433456871236,-0.013255641236459073,-0.05850270805082852,-0.011756587292532733,-0.18998262270818514,0.09007640264106902,0.12747194986981725,-0.1235845051688853,-0.1414202954117695,-0.03311166242811006,-0.040295483846910854,-0.04225889772298011,,0.05804181919491988,-0.009961998708640785,-0.02285363343202361
-0.02637945728160651,-0.15711285501691974,0.08787760877990414,0.005226140447186306,0.23398246677949985,0.10520248871005589,0.2740719171982504,0.0629656350020777,-0.0011625300544768347,0.021763370705295056,0.08007230994636377,0.09138631941168304,0.20907182831788373,0.016020043602436695,0.12000577059122491,-0.06130697624093881,,-0.23854802822321708,0.13908342364233503,0.07783290737338716
0.1445563757778524,0.12705936659848804,-0.0015907633157020151,-0.3293804661511993,-0.38362166012655724,-0.27674424991912666,-0.3724859928752065,-0.19888771249073273,-0.2892664698026453,-0.027443873373181844,0.06283495481445767,-0.27710478089743823,-0.29408648384527186,-0.15941747582480617,-0.27169028839454323,0.03173277125308541,,-0.3083198451801705,-0.46050035642725823,-0.3142603821612546
-0.399473689600872,-0.2694585360650413,-0.2079089016380533,0.007035601389345669,0.007801217794471668,-0.10109823481384742,-0.07309633762593103,0.05315119482535168,0.07506480369563415,-0.021737911604104494,-0.09495278960677866,-0.0752037293191602,-0.0756627815027898,-0.17035382422337436,-0.0872518411100283,-0.18764575507334932,,-0.014250538124943108,-0.17815850957640975,0.023377992838002376
0.09477764333110272,0.02458898551142652,-0.1193768160552337,-0.1213407784462873,-0.0020812561928214707,-0.17406294736733863,-0.12347541574860409,-0.16113469859726054,-0.03883329830994793,-0.20921471432109642,-0.29923096182183595,-0.2050658596933409,-0.2145529761614183,-0.14932546651789494,-0.07615765340622677,-0.041256963489373605,,-0.07968666608380699,-0.04886388056978277,-0.3017189699241202
-0.01557117567986166,-0.0715079983997586,-0.03059310866945797,0.24790973165317642,-0.14528322867425086,-0.09834742168861133,-0.02679689694160773,-0.03786205218395733,-0.06966955766608969,-0.09992110487079953,0.02727174219444775,0.2861228754227531,0.12158380918371148,0.02310048560755644,0.04762983009108888,-0.20195687341596916,,0.015811879453755603,0.041208596681410664,0.11479548522631605
0.06717459890758326,-0.07489020530945605,-0.24382105368311505,-0.18481067798439943,-0.020313227134117387,-0.28772346141250543,-0.1568610144847442,-0.18912823727877098,-0.07652958163000466,-0.1989110087807231,-0.25098856191081365,-0.12239514821043754,-0.1488951510366938,-0.03353690054019969,0.33245487883458946,-0.007534521254080551,,-0.20860990050532444,-0.14498851313466396,-0.31798160948430326
-0.2582519869303672,0.19324717096901367,-0.018123017960693544,0.10041353512857626,0.07918882131830096,-0.09535772393061032,-0.2010004688847105,-0.03278815727325783,0.029195529652811695,-0.00536828469690797,0.14437471512247876,0.1703868457686449,0.16632084881131204,-0.10186350232099028,0.24986913454971538,-0.10808261723273131,,-0.036067848607494096,-0.2785900100714039,-0.10090052637353084
0.15483824719905204,0.2865732600223284,0.1854578150450915,0.11633374764368182,0.25584982555418634,0.2391464801352577,0.3015494489662705,0.12130520331410395,0.20745879349402505,0.16830142128498696,0.08919269334986626,-0.19529931168177223,-0.057312343535604715,0.2508161497298417,0.034928236408293185,0.28589557063633697,,0.1262360635573424,0.20947400428171453,0.19909134772513204
-0.3705212827991273,-0.3685172388257935,0.1460463272792618,0.28950260783611276,-0.21836026538294218,0.145074930395404,0.3132582561316393,0.2649630850694903,0.04926854837913711,0.2120897247991521,0.002709598653370098,-0.18589167435410553,-0.06007412906253645,-0.014757886597050567,-0.03040157574272569,-0.06342505553006006,,-0.06124818514487061,-0.045323397474345495,-0.08224633357061165
0.1629031716716156,0.29649138666385966,0.18348885808316584,0.12459771754849547,-0.34828986473657386,-0.219084979974171,-0.29675390408381036,-0.18304529163419253,-0.2131598781740615,0.029224215455609354,-0.25547574854646804,-0.14955198604075537,0.013821816175430464,-0.1420496026390429,0.0038825522366877398,0.33652777654398547,,0.13055906029385636,-0.3593254292435418,-0.21784846475840952
0.03238392820668701,-0.5314202960054581,0.21785751464177971,0.3913156498167265,0.28036201874900507,0.3050138825893515,0.4238610480377331,0.45201256204708523,0.18661761063985868,0.251034597606244,-0.05172103433709658,-0.22987914046481456,-0.05496572709403583,0.06609809358864549,-0.11840584221579427,-0.12831937674962057,,0.11082350889214088,-0.23064622564545556,-0.22663763116844252
0.07790825581613248,0.16802590899965952,0.07614802542392662,0.013479509573168985,0.028375367442471558,-0.06979159518545375,-0.08716143591891805,-0.11310988967521263,-0.06768139602404492,0.24629543937852383,-0.10677742293454405,-0.14713654635855009,-0.04223513623575097,0.3199228383029903,-0.328985253872646,0.16371177440358714,,0.06172728475692424,0.07611222714297566,-0.04707288727531831
-0.06715326511805436,-0.02430900356718066,0.019273661442803847,0.053511759691750316,0.07281863122784613,-0.07496371492001917,-0.24025494613610213,-0.21015803439977138,-0.029249077288694816,-0.006994539010227164,0.23771058396656164,0.2781228535722639,0.3187198455399112,0.23166799523584874,0.1581599003470237,0.03742790622107278,,-0.014046711415858698,0.014130445888627885,0.014697939250462422
0.034651649792946215,0.08432484625638048,-0.1721746884928394,0.005821129597705893,-0.09159610046712707,0.05938965212507963,-0.10669582313576305,0.07760722411205465,-0.06275882873787786,0.14139962327608416,0.02934466006268273,-0.13749290884718351,-0.0679958447311736,0.2531383956518696,0.11381244976608546,0.18851455283797175,,-0.023095535390913434,-0.13861235007112038,0.053811353761906405
0.15019247294670557,0.26812550631098364,0.1672315914554059,0.05089055252809624,0.33717173845725473,0.24831628835483077,0.28055993921532657,0.22007393718188517,0.33679965179019233,0.2045934493923396,0.370004429879396,0.17914295052030985,0.2993202240946929,0.1583841345017299,0.12006970391495059,-0.1507752151427557,,0.05051127438888936,0.06153660598004926,-0.06960444977724409
-0.03741758199992684,0.15654158178449018,-0.10588395020557423,-0.03489697478257918,-0.010209197322597584,0.02417849603135591,0.014874769317436205,0.05215755605927109,-0.07105650154371537,-0.0918132743784591,-0.128993350425201,0.16434312985706678,0.12428281589282028,0.17878878213010171,-0.05186675853218526,0.1909814227437709,,0.1254082004287273,-0.009083220059183897,0.11106639365210358
-0.08665118024855895,-0.055709371995725065,-0.04921227148218771,-0.1387819895143393,-0.014713229683318875,0.037526689681448955,0.02568239209609914,-0.005778809432397995,0.019489722654894143,-0.13773479584597945,0.19484190308785593,0.23667827517111178,0.19966239896065258,-0.0961362894687312,0.17704974516598548,-0.09795174180889761,,-0.01519806019726959,0.2444003364039039,0.10196868408974999
0.14442761848359587,0.20613235732551904,0.07590380816453968,-0.16665270213793482,-0.09045492984128398,-0.15818149126409586,-0.14842910522463038,-0.17957647530890125,-0.12316713425050951,-0.17464100645020816,-0.18959499604769797,-0.0771731888667537,-0.0821453315352769,0.04218309714624807,0.041680439366160144,0.28306332313095434,,-0.18719253331192678,-0.20359701260851984,-0.24891757496188233
0.0432302664285128,0.08786935463723039,0.1616377519376203,0.2152588357208713,0.26886831000678313,0.22847879471990729,0.3115895108943964,0.26869744386894073,0.3119864767856419,0.21023682916078956,0.2723161452643346,0.1662716533089944,0.2119579337811983,0.13152457323751274,0.1678579086403087,-0.05859585569660504,,0.16385338172322897,-0.10672170730987504,-0.17977953764200905
0.058451018426759815,-0.0039012173440476916,-0.22002701189745663,-0.12195783540813758,-0.12842772728085836,-0.12123824508733326,-0.15232956002139827,-0.022750376387179617,-0.09291325731479688,-0.10884513414166212,0.03381607855124617,-0.17692561746691343,-0.18424936539051834,-0.06716928478041137,0.10854162137686565,0.024632241078482414,,-0.026002930399496877,0.03432086656239097,-0.09583917590932858
-0.08154375856319851,-0.3664537133604693,0.1785918303997147,0.11049707584933843,-0.2230638988562439,0.023691495256420392,0.05649362979481222,-0.12687536475853695,-0.13401137381645273,0.0017701074422555238,-0.013281547620585284,-0.014264242631596424,-0.13535006168262165,-0.28700674328434195,-0.22118092778833945,-0.3437678409680866,,-0.27374217748757507,-0.16340245637333514,0.07661709773287015
0.11533688446646695,-0.03366856142038291,-0.20954807637917122,-0.008077555169744649,-0.07402754159935085,0.03410108650338842,-0.17380458053211337,0.20892156621416108,-0.005610242625321865,-0.17551590513805765,-0.27738666051625444,-0.2396890633623867,-0.34845763541681446,0.2095497131326452,0.09867011559113663,0.12489019722723427,,0.06751792399948406,-0.0797676098189313,0.05097833147299982
0.13427796425756278,-0.2347829286596934,0.22321161414216395,0.2047782670435659,0.34042138169502967,0.31093674416943107,0.38362344924574293,0.3338312023774779,0.3817781532490147,0.22010763497959013,-0.025393400503936164,-0.09513774239244524,-0.16809904503098974,-0.2487516796188921,-0.23937358438864828,-0.3880565008106641,,-0.0584355861628213,0.11856592241921868,-0.11902664902163788
0.061289510154033944,0.1110114070474606,-0.16447632737580314,-0.1537273897859449,-0.15427856304346052,-0.11269330993571604,-0.1822528649480723,0.07838583619767953,-0.17374121181260424,-0.14271715022002232,-0.2072571985269191,-0.216503584650117,-0.22273240124383148,0.1633894237688337,-0.1523500236400013,0.2335378828446918,,-0.22239889101858448,-0.10078300704738578,-0.20111826298737803
0.015670208229221605,-0.44005185370971217,0.15871723769752377,0.247989383645074,-0.1916849388277141,0.11478460355340331,0.0733382206369816,-0.08234235025459499,-0.11059830023242645,-0.17763672058978505,0.01279417835065931,-0.03523153221685496,-0.030269151626430527,-0.04231855319583641,-0.16559730953856389,-0.2889185918889105,,-0.028339104749254804,-0.3395306222201105,0.010016677674211744
0.14401998300788044,-0.10771491278014592,-0.21152180216611588,-0.14866341159132948,-0.06219444701041427,-0.14027255977803624,-0.1654702329594651,-0.056295445748648476,-0.15548411874226944,0.02936484167301874,-0.0793951129321656,-0.1213164461462366,-0.07832186012129139,-0.0750603517750453,-0.13539235500810562,0.053714980792109734,,-0.12136357004442529,-0.2104851388520124,-0.15660017064018358
-0.29447319193998006,-0.34647553977011564,-0.019686531596215973,-0.06961631417881153,-0.26444172772948266,-0.11977557698170957,-0.022011321805710592,-0.17256841038398368,-0.16060434704195137,0.00012202592673932894,0.049363271043429066,0.018404639714384823,-0.0897993383708124,-0.05801602638735008,-0.10105679348252626,-0.24699655208106588,,0.18717747772393872,-0.09252274065077642,-0.197836991227918
0.17131455286598407,0.2686106932037934,0.1055266404101739,-0.2459273774810705,-0.22750537870786974,-0.18878309077004268,-0.07457641078754121,-0.20601355610099648,-0.15536230872309054,0.29583412176695034,0.1758961324751928,0.0015609699686836842,-0.007844737891980522,-0.030892166938741063,-0.0728002132709238,0.32465871229627785,,-0.1814860688612422,-0.21270701345397844,-0.1934979963227968
0.01781255028716522,-0.010064834255355343,0.04898167128733588,-0.023811677919299085,-0.2529027341141718,-0.1789627406812879,-0.12382368671505574,-0.2579326611068878,-0.18250520713253024,0.03712683504979114,0.27731956228213034,0.2702008369722387,0.17603272622697977,0.11825862221488306,0.07931756822930118,-0.25955320280995253,,0.2710619401794438,0.2332957658157776,0.21129601373109308
0.12552851705306478,0.15388320760592916,-0.08497350727542546,-0.24096785524055375,-0.23309732406452224,-0.23618269151151697,-0.028579767938035103,-0.21770790056334655,-0.11751342371057416,-0.246871289832782,-0.2912809778950116,0.23061887373965284,0.15192269990752835,0.3001898347698725,0.16082178311214657,0.16765906234879308,,-0.09984019377008616,-0.17008885877824567,-0.1976547716743178
-0.2549505836261287,-0.3476812013765214,0.17741502329496728,-0.12292320244418035,0.0012241839491437187,-0.0284888317028914,0.016886658880742138,0.0014306997463169463,0.15072587970637463,0.2923499532108035,0.2767830248130895,0.0007728654651244227,0.120771950293172,0.2180055140144771,0.05338164782402326,-0.09448665518754214,,0.11783342825485787,0.03232120346519482,-0.059359557752663744
0.0366563010197648,-0.1335745565208303,-0.1674204347223798,0.001497275452963548,-0.1729652137586019,0.001411294159235646,-0.09113448356651663,0.023925669979138968,-0.1330932904585366,-0.026891983130736884,-0.13483415384494887,0.13270152269134064,0.048430026422726355,-0.03818621881594852,0.03995180924762041,-0.03355636847170687,,0.06505506599426487,-0.06454651492536435,0.0011686960773514832
0.06397582411964386,0.18932615774759942,0.09764083491205267,0.1357617175861091,0.06574034776993808,0.12151344556228674,0.09137470611070228,0.0861677140614804,0.25078508021728346,0.11759123530046053,0.11118842423041139,0.23984754295703462,0.036183594179087994,-0.04223785560885854,0.03233873331977506,-0.1911159832767558,,0.022266608546484032,0.10047097954387443,0.0214995148482878
0.0459879735811799,0.12642909997905905,-0.01212596780580305,-0.09073522469726367,-0.0474491396235669,0.0020363308965323373,-0.091614134994461,-0.14961932184485915,-0.04552805372266286,-0.014821584263838223,0.038874103796081305,-0.18094986975091143,-0.1498131765177327,-0.03272542719354714,0.01531165757402526,0.1203981159505802,,0.09185159256988748,0.07399058952991322,-0.05294513297593398
-0.17753965564567345,-0.24273370936875602,-0.052249766796483466,-0.10535182741972066,-0.058033705805431324,-0.11677652686914118,-0.09085596535708977,-0.09732202770107612,-0.08992525572344016,-0.22075201287812288,-0.013769149464158826,0.05464604295199039,-0.05164939242560307,-0.19982893586520714,-0.053232407209655656,-0.18976043092052947,,-0.022993093874580726,0.24106146098583703,0.3219554761027591
0.06315595302174792,-0.12359502843115351,-0.25024153096395646,-0.10137419929164998,-0.05427915278090153,-0.33798525916150934,-0.22298771138417892,-0.031353352280223165,-0.05715148869323475,-0.11033988511923665,-0.11590652907773498,-0.0020518731190065226,-0.014366508793206924,-0.15441781115894834,0.018744858572579945,-0.020874526591533854,,0.175030224495108,0.1387032020969242,-0.10228868191975847
-0.3189696685787406,-0.3103044944439803,0.021746963364976613,0.08624238827115624,0.2462114814255678,0.1271474399269811,0.08881815963570555,0.08053572306398717,0.22270133416659244,0.0745869263372558,0.024942048496019144,-0.016513733803311045,-0.04329356949526533,0.03403937267620803,-0.1430592020081066,-0.23769449823648375,,-0.22946320034271442,0.1807078089661323,0.2746267373753653
0.030034291998394913,0.20590823853654128,-0.08095964111030846,-0.16058498319116177,-0.15679259458685904,-0.07070902637014662,-0.17250648804823698,-0.1870469185282121,-0.3168385509733369,-0.01934996013871045,-0.11285057595972525,0.07583459324608534,-0.20499285312879634,-0.0726396689064665,-0.21441889837359665,0.2168985575065201,,-0.10320862438554577,-0.11367369369946519,0.04681410682174514
-0.3642760074956901,-0.037076551357268034,-0.2625118103239414,-0.15586555693125734,-0.20011015733145937,-0.12433486379556687,0.05419450200031806,0.1308041125547969,-0.019214057218116698,-0.2933250617494566,0.10287542361924712,0.08167682633912543,0.1480893732919996,-0.14022579864656765,0.09610795445503716,0.06260748402753485,,-0.01410194021314078,0.06736432469202813,0.17692867248232752
-0.01900295596182977,0.16556164411322183,-0.05603807809745792,-0.08685413083497028,-0.23549366693955148,-0.14710815892847337,-0.15638927991655582,0.013274653672683118,-0.02004701871080536,-0.02765494089668683,-0.13972435660515695,-0.12910745308069754,-0.11654006568022218,0.012293258767827636,-0.21622892942036326,0.16477811987391527,,0.03239846427622568,-0.06672747810062446,-0.004581955057883641
0.0030596148898026643,0.06646858128273125,0.06347772371441762,0.046703279299806943,0.14151113915825206,0.061774453039209254,0.019221657568823235,-0.03483472810720187,-0.07867338217291206,-0.22456939192376485,0.008696958228334002,0.13955395602280848,0.11910267130864814,-0.13924683749335126,-0.019763042466930357,-0.2918122725348468,,0.05556208485918493,0.18620496152634874,0.12004523457674471
0.04122960514220242,0.15813942057407948,0.02666370345958835,-0.07948179110889828,-0.22066455571678015,0.14794145000971726,0.04806465009436581,0.02058367909959535,-0.09186431069852304,0.010952594768037963,-0.007833726311842502,-0.1917108646927826,-0.1732506905682319,0.003894011491017202,0.04228202285686337,0.10536488756506363,,-0.09568958773796794,-0.18035188001783659,0.01971965287933758
-0.08138531016710543,0.08155293237281508,0.036662489242524354,-0.04200726651693045,0.209052751547461,0.10288142874675343,0.09030634841873916,0.09189508069000295,0.05458816758518686,0.022574577223672135,0.21301190764980657,0.21104518803391484,0.24742487971712174,0.060250611093483064,0.1602545542295293,-0.03727949872667777,,-0.0025035497524789167,0.06445649816415475,0.06421107323522135
0.16230986030030803,0.2608380267062633,0.11229357968647369,-0.244450101039703,-0.16863538668704386,-0.036824798056311836,-0.011490108124657911,0.062480394034911256,-0.03584547144138728,-0.30276169620964705,-0.33207306313497037,-0.11127961778510309,0.15294267812806722,-0.23877439096442257,-0.22998240888038293,0.2289464278170435,,-0.1550418595201384,-0.2200812219462632,-0.08712304331541099
-0.47663659931654573,-0.25467599994310475,-0.22784244150287347,0.0574339198604962,0.18402694064568234,0.1801233472109931,0.10842507596551171,-0.08049670713791816,0.11616251512365673,-0.2241627955340627,-0.18338420843734685,-0.07757938529434769,-0.04594994301812487,-0.12813974045824197,0.10195971234250892,-0.3206888654917196,,-0.01836448544306782,0.08361927163391564,0.004507341255115954
0.1476945660470802,0.09676845497808484,-0.15372453885672194,0.055596907142283325,0.06513535589908631,0.09734183176574435,-0.0021574866762033088,0.0973850812091858,0.07565628161398656,0.03482849895867754,-0.021012377268798337,0.024166478737671943,-0.09032188216273616,-0.011699421323936324,-0.037490349743141686,0.0723613194191185,,0.03712240996693854,0.07354530943133739,-0.02315517905761333
0.026825315290438523,-0.010262223228787837,0.15066972199094641,0.004370972515286592,0.1571364293961272,0.08506553951821355,0.09914675053835081,-7.038103977973637e-05,0.09261162578663693,-0.03418364021303712,0.15492477884320552,0.07461007393334601,0.2101747195573753,-0.13174845559321532,0.1633172826842149,-0.22000441022117462,,0.09388686194791562,0.297816709168468,0.11951552480381888
0.19318315875565106,0.13434080387058106,-0.04381813263297368,0.09035859465768067,0.17775136393811852,0.12838325711262924,0.12723584330464147,-0.07718433367507947,0.13136052708248633,0.31969706283131544,0.21862129857857593,-0.03190981608106336,-0.08154601574228339,0.017457807491168542,-0.05463219965034321,0.13928501875955462,,0.09202325973270539,0.11257137258948238,0.05807072879785935
0.04947943275581557,-0.07885533621243837,0.03765623047884559,-0.19410745852697914,-0.25296866738623724,-0.06455069038251351,-0.1635522824359749,-0.23826079386168542,-0.20831662185835154,-0.18317924387200246,0.25372108854853465,0.12262559780133754,0.21208559032403948,-0.0021422089952713025,0.1594812090300341,-0.11914887930174428,,-0.06879366062005428,0.2802531754527878,0.23997034459498207
0.18483284002923772,0.27081571962908635,0.14583552179242287,-0.15508348369085087,-0.10356072890757083,-0.023199955843793432,-0.04186246892685806,-0.0979661513131101,-0.17212065902246454,-0.023026414083189402,-0.030723105885035094,-0.004497347942691174,-0.07528059396597558,-0.035537842634921525,-0.04347556445450289,0.3056713640289902,,-0.08327965608771745,-0.06548102959885678,-0.001937473086452618
-0.3113183553759069,-0.1810926982091398,0.05883187203657114,0.04611737171048794,0.1520184058984799,-0.0482440449414177,-0.05924589023900875,0.03136961746709917,0.03244373469170452,-0.08957578575231148,0.019724145383487213,0.08543820720571962,-0.05899897964733941,-0.13965040109697005,-0.10006442821487976,-0.23336154642806017,,-0.15417413020424145,-0.0049295324486292175,0.0600504550758586
0.13133043946414058,0.1354351238242768,-0.023735968280843178,-0.025338806301379566,-0.0777575620017428,-0.030889058530560218,-0.07504326579062719,0.0776865859150578,0.024158786166581556,-0.08200174632979457,-0.1697042567534694,-0.1190365157650235,-0.12092064478781445,-0.20199971910558404,-0.15509089151330738,0.12362690094839729,,0.10642082179682558,-0.044634787868490074,-0.05876376340533491
-0.016240672544175716,0.19195404042079667,0.13452467841189242,0.24447298449998656,0.16690714510042542,0.2822423095057616,0.33171638348848415,0.27254155935080615,0.20967243239237976,0.12265495326506196,-0.005288061717695981,-0.03607026082672292,0.03372737917710145,-0.1335210681344515,-0.020188220741317667,-0.20065285894569526,,0.07215843431274092,0.20354081887834674,0.3262809872090083
0.12257306042676086,0.25100177966802795,-0.005959532810008883,0.012679076671781447,-0.015093326358086176,0.0047990476268827825,-0.018826226983375684,0.17949533082017283,0.08222652231331748,0.04506216000472035,0.019528386779169897,-0.06989035012798614,-0.0034146148909609333,0.07700812511813049,-0.15779377614733597,0.211101087536734,,0.07812469482017455,0.0026058204533991325,-0.057856586111066435
-0.19274635474232896,-0.1116388392699213,-0.07093674784627874,0.059398950357265334,-0.07397104125385015,-0.10434590706431558,-0.016771316398079203,-0.06885839534378015,-0.1899176061593921,-0.2193250694946668,-0.02203201403028563,-0.01655431978892548,0.020283009525227526,-0.13980207674281558,-0.03806785833068078,-0.10913833493736783,,0.024884084013590158,-0.15325401060004076,0.0628446486995976
0.07144864483572477,0.1847783837673334,0.15579344151307806,-0.41828276293631145,-0.07112738360372788,-0.08731653668334886,0.048280436075938044,-0.23025983734445832,0.08477585380674821,-0.325537259495294,-0.35996237804666914,-0.3453028290888793,-0.2985781792491722,0.024619680681764747,0.3156287604844528,0.14469703490928176,,-0.38188160044268604,-0.00636761272573097,-0.20090804235556353
0.017099238273219575,-0.16275577357070647,0.1353518422465071,0.09822117572339717,0.15744192037331028,0.13784903463839843,0.17189239379924787,0.2315213029793572,0.1005054730275437,0.13708554964781544,0.29127679474387097,0.2045650654782371,0.13570311185146652,0.1626203658358798,-0.04125550793218491,0.03765082094334102,,-0.1159260698644915,0.30618945717091123,0.4168067681499952
0.05620788340963956,0.17664805389360355,0.08735937074662425,0.08676819566146088,-0.004910938428202644,-0.01501393434083656,-0.0013863853997649195,0.14488346361115614,0.08845697991912366,-0.09753765556718993,-0.09090585010095718,-0.13806975618718714,-0.05622897396352878,-0.032894233026263604,-0.0987186756954726,0.08920408420726694,,0.20337089012387793,0.18874977546550575,0.10830735148089926
-0.02755475393665474,-0.2931946293333257,0.1650301866469842,0.17665233240035316,0.12891393924977124,0.13521196753236886,0.15395194214728813,0.18843675043600427,0.20544726563353288,0.1879520632232855,0.13864731487640475,0.017173887888875028,0.19156783009036366,0.11570872034561709,0.12117359127420467,0.0589226914111306,,0.04195024302915186,-0.002027953855496367,-0.23382295384965993
0.10702969167607945,0.18870320008011315,0.12833721394442554,-0.2238591679960698,-0.12946081260903064,-0.10891717507792487,-0.024078721304953275,-0.18099606141990024,-0.00010122180723121099,0.024716235173354723,-0.00032503361425353927,-0.018241025182713755,-0.084133414198094,-0.03916118084808486,0.10660579101021984,0.2238471031337692,,-0.29512305165058,-0.14052390123121955,-0.17261229072350176
0.028439007044726017,0.12341368471158226,0.05247415108455533,0.07873568722524166,0.24437718021716048,0.15375400431609954,0.17733337382650022,0.1791098431712672,0.26471166006836566,0.252477763953196,-0.1425166402710128,-0.26687004420484595,-0.2809025845076052,-0.24305324636725378,-0.194774570614409,-0.3305084112612893,,-0.2146850509610363,0.04381133313038191,0.33703279612301296
0.1220815072215714,0.15653087140786243,-0.03428649136299572,0.12781637492648956,-0.18127600675061142,-0.015551644385348284,-0.16927450401347116,0.10308303734267604,0.07035830147275013,0.017366469799615092,-0.029215453278214884,-0.24101820682743721,-0.3766126612651375,-0.014058211677213758,-0.09417822642062268,0.17885376255137853,,0.15146400537248234,-0.11324156037351919,0.09667054366183853
-0.1951494699898359,0.21433037457200443,-0.2827128684393863,-0.10388473057913228,0.025970489518559042,-0.18781696256227634,-0.2127917886036566,-0.1748693976845787,-0.13453526474587318,-0.0030533171008046422,0.007670120441376799,-0.06895877617969165,-0.0079706683086583,0.12457419871698469,-0.007796799189861661,-0.04789922328619188,,0.1195016721818945,-0.011470370717241635,-0.12109087596479519
0.12698680086799752,0.16390846300187434,0.07138499215441962,-0.17854449863881572,-0.1954787996779045,-0.1686398230021657,-0.18761846024729295,-0.01628196266483354,-0.21390434299237202,0.08435462317212483,-0.012412662701063948,0.1334764438060763,0.1048561142573553,-0.3016476867940614,-0.12648789520631057,0.2015115495056956,,-0.12313239543996975,-0.19611452723233155,-0.12581899615156975
-0.23494789708197328,-0.31834499354815726,0.024290651829625753,0.04457297990960285,-0.16826589669548062,-0.07751977209862496,-0.030258502797758574,-0.11304712979729384,-0.13727057489899352,0.030561143767499077,-0.05430855785871665,-0.13909801031496544,0.001826276006237082,-0.1300142836318647,0.056470260975716974,-0.18191478511134285,,0.14533194909949662,0.19356505534739465,0.20684717054586083
0.06267022891077656,-0.02518667957073334,-0.23071394834860975,-0.23097773861487353,-0.3672964298045927,-0.36621251599062643,-0.36270261805829007,-0.17685182664348037,-0.20346361350620362,-0.15060846778501433,-0.09356539350486198,0.00848979433996011,0.02487692305507168,-0.1141592388842835,-0.2065845952282635,0.11433574502690252,,-0.13894273833105739,-0.3125344314720377,-0.21553198949694838
-0.002766261695364758,-0.10842803774764588,0.20993062684170982,0.14122941407163747,0.1892541430316006,0.17804450527714,0.28698202446099086,0.27630040201245026,0.1991372081978423,0.15549616038626213,-0.0005813689685364998,0.06353318808054381,0.053201524640587375,-0.1098196511942419,0.17755062803105687,-0.25307010899370896,,0.1275621613503955,-0.1074555738914327,-0.08157842801609286
0.1479680774739649,0.13617348535274715,-0.13640045438233708,0.01080444415140494,0.09041577226076439,0.0596645684199581,0.24743780986021013,-0.015677827177436286,0.09559244178140747,0.04908594280221998,-0.014089527504758448,0.13749302546637132,0.08155348841632665,0.16587937463675,0.21362054938543334,0.21882914547808746,,-0.008105479668143636,0.1088821618319793,0.10024449898901472
-0.36067260876193785,0.2517072206111126,0.03133238468579835,0.2480733042707095,-0.06312224042089287,-0.14289059344836672,-0.15306677350472775,-0.11947947655389872,0.004177526708859139,-0.26075948575720775,-0.03579889448288214,0.19344982128748767,0.15718743387925307,-0.21896293468681371,0.2204162526293226,-0.30029005008459303,,0.35344239863814,0.2385759354994974,0.10189804422536336
0.025311779243513355,-0.055719785328752464,-0.2048640243296452,0.12057028242898926,0.0773845728928439,0.053864244424041835,0.22903973211861478,0.23452314923289108,0.07505151116253678,0.06295147351795949,-0.025120023681513545,0.23489618774962223,0.2692742014436129,0.08740604523914461,-0.1715379791316763,0.025468624558767722,,0.09622111174355757,0.12862401071864032,0.19642001660781322
0.02803641786220168,-0.06885703446707522,0.21456265438235422,0.11760479693745729,-0.07917836332123192,0.016926332678554756,0.26831364635513627,0.09066056950402113,0.15400246402114304,-0.22882636661650851,0.008270200140224088,0.17528263559895077,0.1529386262297874,-0.3725333660998032,0.3238479234499042,-0.22235773276256873,,0.32068646808335816,-0.04624878121760967,-0.29521770317551743
0.029976168320721808,-0.1383057063403046,-0.388516655981698,-0.17330815638618918,-0.05003856267478878,-0.0882729713401129,-0.05347956624553571,-0.1843703360842329,-0.19846255156720088,-0.08595666679941752,-0.050443235946300034,-0.06412817897564946,0.042198877972225685,0.13999436189980033,0.21166915543842568,-0.010443979912012041,,-0.17135811719324853,0.04073320305787875,0.05214253576151803
-0.20660901461787895,-0.20175660135232992,-0.004664499887132023,0.10673429698759318,0.14152488855948742,-0.04865475542411767,0.07691736610367317,-0.03890404329702781,0.11096071852035272,-0.21666818745522992,0.0251330029796705,0.07255447841044599,0.14840682934307856,-0.019808986235501834,0.18041454076430735,-0.19675939062311026,,-0.05473497515921347,-0.03998513128776818,-0.3276892863009488
0.11125489901459784,0.07726884156478958,0.03465023056679828,0.0016815084932955138,-0.1872969266777603,-0.09395120418820563,-0.1257546547772671,-0.17032203504170232,-0.2450367417120675,0.08473787482738754,-0.015742931257147222,-0.33347759826533707,-0.39262280821229734,-0.031161939658996003,-0.07949854521007516,0.14248707279549006,,0.031673132603210086,-0.21452109137839082,-0.03048877406394534
-0.13798528184222764,-0.029552141514565755,0.13052295937525815,0.015817202434843608,0.24767504563306053,0.15607601324127768,0.12938245437272272,0.14892309556080507,0.21603826782784774,0.019488527584364035,0.27990582684230314,0.19721569637600903,0.1584603135284049,-0.01223686189306572,0.16151900529351204,-0.1696004375483553,,-0.08039592564755854,0.1453659333731745,0.15926598813141588
0.12849241692372704,0.20198667790829872,0.19139641475781421,0.25296219747526144,-0.2824929598191069,0.24748536282786837,0.06241393580890667,0.3176864601294697,-0.13578378811742858,0.018608887207579944,-0.05464596897172877,-0.006153423579512181,-0.28758431017790276,0.0015558746224326406,0.3390795430818038,0.2199874323170915,,0.17769431014257003,-0.2473578660351349,0.26284997959149997
0.012353150108822764,0.06428233488733193,0.012973572889660168,0.21158876135709037,0.16504151399886147,0.06101576532585751,-0.24882870851354044,-0.2217102788830568,-0.16250367450252015,-0.2667116766803438,-0.002271141208651309,0.12573138226190256,0.1313932540074228,0.10698128979644402,0.07566490192160702,-0.2855121067329449,,0.07211966425427035,-0.10229977488306566,0.04045442286362812
0.10963055483241746,0.1322533897902285,-0.011605962165618766,-0.19105377560627973,-0.17955626639250133,-0.21942250838722158,-0.23645019812551066,-0.2014203869705396,-0.28958926666727147,0.03738503904112858,0.10841220421328485,-0.16187910117133442,-0.10262545411283153,-0.016752031727698326,-0.051239051403013186,0.20414271189640826,,-0.13112495116008002,-0.1402902195996955,-0.1363489462014206
0.050692586095616665,0.2294805899601473,0.09962462647836356,0.19616565615442372,0.15079920357670645,0.0019745084411020297,0.30459454080264875,0.1868260155187922,0.012803866909173456,-0.20245616295657723,0.07965562201604581,0.2583916835829218,0.18383010440355071,-0.10591865255017578,0.009578819146227636,-0.11072262325894687,,0.3524167853712039,0.04853861792152217,0.10038310851084153
0.031933136210223756,0.1216107653792407,-0.017393032501162642,0.025459265218735094,-0.04001514167804207,-0.05866992230673822,0.0263527552199887,0.011365542535637069,0.07489447363092822,-0.17464983303808215,-0.2596774941324252,-0.051378069737819027,-0.13918632005640078,-0.030697072453202336,-0.04086602837019,0.15029360169270206,,-0.08198433375395012,-0.23733348786826386,0.11267425942999909
-0.0009137841169697403,0.009462088076149733,0.10244075304835032,0.15281174508567968,0.01922884808528655,0.1132723012433749,0.08023086655887679,-0.07145554302517286,0.037584969554446596,-0.00822103742742139,0.02362658404183024,-0.09859130886417189,-0.0013845395134422789,0.1220205098290002,-0.14020886902114868,-0.27126358094134895,,0.23518886691756452,0.20668292604834038,0.1236796914276849
0.11020775653750092,0.07804914556350057,0.06646928029205623,-0.01681091397384045,-0.019241275052352236,-0.007450104311054917,-0.0035638010108880736,0.04718053417955384,0.006106343732564981,0.021859055004608968,-0.14832451507595532,-0.16673548189263224,-0.22787154914328844,0.012834480701578945,-0.172922781154413,0.13301769945956027,,-0.07088986283408101,-0.05263470244464036,0.015483037094936064
-0.048781315400577285,-0.07838488746191702,0.07529703362278539,0.20457847773837684,0.13769868576187932,0.054074096313197983,0.12015967869906108,0.008518649453739938,0.11917894677672927,-0.0967068688693407,-0.21196605462809304,-0.23902275847462065,-0.1485951550498121,-0.2629033599424212,-0.06257390014964082,-0.20278182018469126,,0.026608552873138444,0.277290189364144,0.30712652596652645
0.1287830387325506,0.09489459689856394,-0.040177278210862255,-0.014673689063484555,-0.17769841381848267,-0.03877417503387581,-0.18927239156434705,0.018700125899628342,-0.2024545657017237,0.024218130573034957,-0.11850375096229242,0.30920170336598984,0.2994356207657459,-0.1615395518928191,-0.30367264824027496,0.17364869805426592,,-0.10388415303590053,-0.11956696792814378,-0.08518451774037496
-0.000829025966316066,-0.04682414395291515,0.09748329779525933,0.07181675692096046,0.1137183018970509,-0.047688703218929825,-0.028111236723089815,0.0035881733232812074,0.1794589938968627,0.005571699369765648,-0.013057225707899009,-0.01832916203772037,-0.08930259776911982,-0.10007966605077183,-0.04432476237361019,-0.2301636666722774,,0.08824920938695252,0.08694990218305187,0.05700925134836471
0.004210029671690929,-0.1116219592727769,-0.28877481714682607,-0.11324960200842846,-0.09029757648270063,-0.1966725353944195,-0.17783439645439758,-0.14000424496977457,-0.13955832218251363,-0.08227936397736843,-0.17666091584537394,-0.1449597894419741,-0.15268435068928587,-0.2434582319206487,-0.004480861732953159,0.12281714982874364,,0.1263066185098035,0.12412024730901183,0.08408163322281761
-0.21933817209477519,0.07972336939901886,0.054304344639831637,0.1630993935063506,0.07575373923275616,0.048370328354176484,0.17790876412190837,0.11459455678870484,0.05925110889485993,0.046722778033901735,0.010513185934264063,-0.14573899464603085,-0.1592506333735951,-0.13487168932011953,-0.2001698019943437,-0.0934137244286585,,-0.06388997338419672,-0.016549642797469927,0.13038367835506523
0.11120407977185176,0.25620467648470635,0.15449384132427812,-0.12500872549163272,-0.17288245203018024,0.02700930279895622,-0.03413274252490643,-0.19254779660189,-0.24872434537188784,0.2954910722513484,0.16457071040369198,0.07308558543754462,-0.09028301862582751,-0.11777849018950934,-0.012531939247218765,0.29353578899170363,,-0.08237178814503282,-0.0036299288732107027,0.019271757264510067
0.09062434738136349,-0.10355333414019946,0.21713706820716971,0.1915322451616277,0.22000722602776046,0.1360345743380511,0.07168658138510364,0.23265527602833214,0.053344592558076914,-0.029173214468008163,-0.012595254956107332,0.22120158707796686,0.16736649858199193,0.042191723613659075,0.07458640938029162,-0.012976306666935195,,0.0033654616457789305,0.08985688750037663,-0.05587185517147859
0.08873879894792736,-0.036089197123458566,-0.2147144025944716,-0.13801589507955847,0.01337146444995635,-0.05340033170371326,0.036580729431632986,-0.11604837910682307,0.16462433016740274,-0.055177114481295836,-0.049161519887305494,-0.19119653627811664,-0.006615172568557141,-0.09969188980347263,0.0032844959053146827,0.16648489663871835,,-0.06910399116129405,0.03710343471060401,0.004136038166297706
-0.04794999775133513,-0.18221046097255855,0.08609581143901834,0.16224323813678598,0.05497938164443775,-0.007698562043458007,0.026119519391530774,-0.02563817713168865,0.023632053222107152,-0.12956614342810455,-0.2709733623675237,0.16097610616165728,0.1652318743941827,0.04536015246731728,0.2323152528439318,0.03576050801605102,,0.22774134176510002,-0.0557058858665191,-0.01701528393419803
0.13100047029940787,0.04272710551966058,-0.07188391786355058,-0.21250764423967383,-0.09523409145874441,-0.022688472467291845,-0.061601451000831337,0.0370881189723591,-0.1152023014225041,-0.12312971118552486,-0.2690778258281518,-0.01785867762403237,-0.1275906702907813,-0.06309221191662656,-0.03679388820155774,0.11399113524055793,,-0.16937094498178693,-0.09893347564708364,0.04839532662746118
-0.019477226310828932,0.14009556311137566,-0.031165354457205696,-0.018081322635342525,-0.3175481668807897,-0.18793000112177324,0.09847638050932195,-0.024802074151413465,-0.2630276582337393,-0.1251246033621819,0.13930105850456104,0.06772099078601274,-0.1394318257941066,-0.22376711879679123,-0.13509568675640576,-0.2690743983182732,,0.05666476794410391,0.1175856731623956,0.24758008926038555
0.14462329537038054,0.24084311599527253,0.13735697038083805,-0.0007962456514359062,0.06144289604251657,0.08564955079533942,0.19848321342766834,-0.15027444791842334,0.17560316460483644,-0.0006370121295993791,0.01935943044696964,-0.007666200794727266,-0.15567792083426837,-0.12883239248621728,-0.13830185735742626,0.3312249235647859,,0.0438748150247891,0.07976593691113126,0.14189949077519926
0.04924716299050269,0.15173634128403923,0.00048669954672703186,0.020819213804918968,0.17226022045150746,0.010463827659386915,-0.05460603500972279,0.03680498018966413,0.03927717174553874,-0.22516350154339673,0.10040532659318713,0.09608893602693719,0.17003591875477164,0.0879122381693094,0.146355295690309,-0.08391205855648541,,0.06731397864390765,0.045538379085165975,0.030115189536682074
0.11072258669737878,-0.2588357017028523,-0.24975627010444174,-0.18593673744277528,-0.23463647732661774,-0.2325902492916693,-0.2615981736579153,-0.03448538933883152,-0.15522634592047663,-0.1310573990700604,-0.12280326194721274,-0.18883370889225587,-0.2588985211395456,0.05418253996804062,-0.17417888408481003,-0.17118904267765064,,-0.1255831858787279,-0.12439227180155188,-0.15104678740041752
-0.03536562713706903,0.14748976783500983,0.07744478542911992,0.22540367559948637,0.2678188709654052,0.05394814435816858,0.1363989598230903,0.04148174020352127,0.17202462806763585,0.15415430221319043,0.11813002739728473,-0.23634841578789306,0.011392104154013899,0.06806828954305333,-0.17800885144538833,-0.31507029920757285,,-0.20681745145196717,-0.07671783027847431,0.18739780360185765
0.08335715109398922,0.11702923100843005,0.040347714387161615,0.011321346747321381,-0.1976585260484807,-0.095182622336413,-0.24110531095977528,0.008861367972034753,-0.12464397566386556,-0.09983983983660931,-0.04140104394407212,-0.16865641547989604,-0.2965817663665776,-0.24200060096953774,-0.22026841873210973,0.15449103704996753,,-0.05261303278959733,-0.12418413663583129,-0.1436667525824603
-0.14171463834613623,-0.12374211110369054,-0.09244414035931803,-0.010106083780314218,0.040737944323095104,-0.014288960712808219,-0.03353831184213594,0.11995494524730094,0.15047595529841606,0.16416070850322512,0.055501518360075996,0.024242400801590923,-0.05655902671848741,0.09136233215504835,-0.19410262108666082,-0.30751944995540204,,-0.004815702834053921,-0.015370370983115694,-0.10338707832622905
0.009440441927505705,-0.022219189111732596,-0.01939987655168318,0.03143359209406235,-0.008354079760636485,0.09358123230614124,0.035303202861571376,-0.1816493108513825,-0.08916063760729218,0.06968740289369094,0.012732599279666273,-0.16661249508643577,-0.2047904763957503,0.0358810940047511,0.01570761586005013,0.1225878424877378,,0.009803253253447594,-0.19300221151416846,0.014475747033278571
-0.14156380285659076,0.0779592827668002,-0.020348378953930546,0.27199566180908524,0.27347514227763303,-0.103780516632885,-0.07042677063648523,-0.05503552474928865,-0.07101192821808469,-0.04866396774880291,-0.10826042205911952,-0.11736420773646533,0.0715332122847922,0.15528959004617746,0.06553583459921597,-0.05320270753800325,,0.3844854685005499,-0.04413266093140962,-0.4477373895252785
0.08751358437573409,-0.11626898103429209,0.041061425307248545,-0.046784512124665174,0.006060272516877352,0.023075537327220313,-0.11780037974472662,0.07112675009377467,0.0857085943423283,0.015722512188131837,-0.1982154045603857,0.19874159831695776,0.04454116632720395,0.0031671991325143097,0.06841906711608983,-0.06305095244412075,,-0.018595200175553432,0.020652211785189306,0.11579995275497865
-0.1264079616574379,0.12471984110497042,0.03197298023813305,0.13890772468299045,0.26963847372876704,0.02869463430009822,-0.04091365009850209,-0.010302136156091976,0.09418146196766919,-0.02816286987575911,0.1930400461315776,0.0010730304050293252,0.11525329648774205,-0.006294662460180237,0.11315486598300316,-0.18612821916915387,,0.33968920020530274,0.2267209569127021,-0.1539770404724751
0.04328813106997309,0.20843438686700694,-0.06793280381549494,-0.06730641952176065,0.09537234068407557,-0.005655061797966154,0.041817115606804706,-0.11847184247744529,-0.22837493631079311,0.2175128172426134,-0.08268269110867409,0.12176050515814338,-0.045759638892736584,-0.07266694421751546,-0.2793224142680614,0.27767925154950956,,-0.2890728122473718,0.26094158463946043,-0.1238741891843435
-0.3350442828488246,-0.24333480456680176,0.07363982921929824,0.07729300208080422,-0.06642416045234353,0.18714038681709605,0.06558021418695686,0.06225589243891752,0.12719925470105894,-0.07338789236960772,-0.16676966224529866,-0.041628935781385684,-0.16272540073071137,-0.10178993613008257,-0.019287516937205235,-0.2033421384614936,,0.10209964135182764,-0.2528146102684033,-0.09245586841203493
0.12986400855275626,0.17256052377321007,-0.04998565673615446,-0.2847688230943775,-0.028130543952696957,-0.09215685085004661,-0.0898618921826814,-0.30512913824802596,-0.00798339758479659,0.0688426416796134,-0.08642212180522446,0.13775354358745742,-0.07770500694801953,-0.22034950389661345,-0.14675193433649802,0.20174338571338668,,-0.2938425534866307,-0.10152296188224905,-0.10256995287013247
-0.16136594938323912,-0.02791307388539571,-0.2840416726268731,-0.2660928089620885,-0.06548840420354601,0.04756510250563131,-0.10335943490812173,-0.11874912449595758,0.05059886320179999,0.21599517929749212,0.22676167524262125,0.2094152362343754,0.1426864869798282,0.25373066862240773,0.14558017690680672,-0.02490574653371555,,-0.25213003407912177,0.24137134522389414,0.3424078199002864
0.09057437344962815,0.17875344873877774,-0.04233814323686963,-0.08569049072833017,-0.11758379076972658,-0.1479332389416047,-0.05007976735732704,-0.06909176593476454,-0.0959354117852425,0.08462051859961114,0.009455803107470018,0.20480156356178855,0.11030220834635507,-0.033187243769511404,-0.16969358119936281,0.12642145263146876,,-0.13101331747605785,-0.04855699287994816,-0.08489178486966187
-0.06069404350114571,-0.22017580083844407,0.1376728244277866,0.04971707840612552,0.19961381444157345,0.08147240103026998,0.2098704219546958,0.20839665765482374,0.16368120350522114,0.21676954868354648,0.15459083040579125,0.09761003266470983,0.14028770323956644,0.3420538719414815,0.0916670584013007,0.05841891798408955,,0.0767055757684037,-0.08305606848220533,0.05081952839366766
0.1287601433696286,0.06274424136056234,0.04657893441878658,-0.2735376025956483,0.10310593221593112,-0.36033387257900096,-0.00043402215199438154,-0.03877903196428021,0.17601990360612668,-0.06446809056190593,-0.10995796315745364,0.12072015126370295,0.05587202711317413,-0.24605938450803577,0.10726378512801427,0.16904949348231263,,-0.33232887148415324,0.16879418174898525,-0.35220647937956284
-0.013828436803856814,-0.30215128684507747,0.23462283128380068,-0.13049612019336693,0.13786987094410014,0.33887609969544186,0.307433446245595,0.2870881081160857,0.23764952423157837,0.220102543690462,0.13337403888397942,0.10036881027382069,0.10523967178368784,0.17236825957716997,0.18680420065349876,0.13384798876144943,,0.3133464008369913,-0.015752327506818098,-0.03751136223852518
0.11541338190454709,-0.34519192669428295,-0.37195925080368114,-0.018560852849151654,-0.1346765564643699,-0.23615155894529954,-0.2468356075603152,0.004622221234227175,-0.19237755350440736,-0.07815135799439969,-0.20537138812614214,-0.1279460669593331,-0.0999436304207836,-0.05760370356073451,-0.01671790396724962,-0.22622980150243002,,0.04802148395676553,-0.031005530440027837,-0.11634781485305501
-0.03530747384048538,-0.0186460686071665,0.14989299850853888,0.20038858218588845,0.2478711946121499,0.271264184953556,0.2659028353457719,0.16656652461201382,0.26135777960713324,0.2090912142833089,0.29385493639678933,-0.05895027374001148,0.3078506347823383,0.31898455566360645,0.10860914036637052,0.11423364376070144,,-0.19966759343652052,-0.07436229779378552,-0.03494673259951814
0.1406340955124632,-0.09664255072733059,-0.184410354356693,-0.18646777842252069,0.07167846189574589,-0.22694548889576563,-0.2777525118205137,-0.08056854057785212,-0.19465677898387024,0.0739531279597947,0.08295335138295457,0.11903043745430919,-0.00509179570012272,-0.026549961632921122,-0.02732956701797659,0.04690282563236248,,-0.11384259905705704,0.07572172777249714,-0.1090906899490428
-0.07873751252090044,-0.13704513277817526,0.15156660080341156,0.11540765204108427,-0.021572873799247508,0.17345734972245574,0.0988415177386173,0.017303015826191523,0.11030373539154287,0.052154844671144146,0.09407074218481776,-0.014968982412642011,0.14633603376692159,0.1705299967313437,-0.0564821390422052,-0.11017229704497523,,-0.07717180940148083,0.11504943181219429,0.09073800448799718
0.06520349039908246,0.26514409337229683,0.027286602546540528,0.10295629764808767,0.12860620147326352,0.032572374641994195,0.12817762952889028,0.20053223411847088,0.1502800870228288,0.09035973967950561,0.0066528177719088755,-0.02911591843769233,0.03458056826946422,-0.058136375662823314,-0.3059481114056611,0.1743497042722162,,0.17631909508026167,0.18069298341938927,0.11406946510120872
-0.23246359565922886,-0.4756627856496627,0.04175688054060467,-0.19534599645791803,-0.3660122484364616,-0.06739979337219942,0.20820537514465393,0.29143935327575216,0.23143281560047546,-0.2015605998434755,0.19531339874119352,0.26220253696187135,0.1469196699883069,-0.1484160938498968,-0.032969197860306665,-0.31518710502703823,,0.11534977447951825,0.04564927751143408,-0.019724020271012686
-0.16430400712357573,0.16788317716752776,-0.03219209090616115,-0.04534118893234193,-0.24570507968534613,0.107269361872176,-0.08712596935452345,-0.12528291097613328,-0.2571013938364939,0.053784757903375,-0.18148966786542928,-0.15078336661850103,-0.06398948986258522,0.20692821036014802,0.08178872270400103,0.20098334163625986,,-0.10247622652088907,0.031477621841207615,-0.039014110035780605
0.00411527251018351,-0.0938656020079008,0.06917028665144109,-0.2275694496673046,-0.01386694968343688,0.13739885792196155,0.008287287630872664,-0.05916740945440325,0.04666538964530123,-0.034874052951675664,0.22054470950471278,0.13934091371952814,0.26665910156798267,0.12902123092953813,0.26790809984549374,0.0035475470255717234,,0.07078550823292698,0.1656218275905812,0.146535061001188
0.1248876216536593,0.24266975470013552,0.11798729693722232,0.010727157465886095,-0.1878701871473268,0.1697252127893451,0.02608364445791911,-0.07613859253242523,-0.15867801727243158,0.23663954829341338,0.12752622411010783,-0.02868999478248154,0.015963996128159977,0.03774015370113769,-0.13812403739407178,0.3122431752217075,,0.10281905335523794,-0.0512922002382981,0.20761774433163255
0.060426506193647866,-0.18824366788162797,0.04226646761480446,-0.22591437636570466,-0.046908946395715814,-0.024642588716574015,0.13584297933215816,-0.10876989061675356,0.005079107053971271,-0.24295097338448826,0.3236804049305872,0.3111681998044659,0.3421995262734224,-0.06744643638472674,0.08860402875718759,-0.30990627203381055,,0.11509085055754242,0.21430082660085237,0.1613421067045487
0.03975769384492234,-0.08051737390455424,-0.06961108495126034,-0.19270121973416324,-0.02925724562320102,0.0191675433055484,0.033904644129905626,0.006163591450760508,0.11998755924530974,-0.14886333318726888,-0.11836160499796865,-0.12177138559793066,-0.17702435946517275,-0.11908155643363638,-0.07146669502406208,0.13763634643611616,,-0.08603250468010049,-0.0015508696981623993,0.07938698353924328
-0.30069701144011407,0.0006868937913417361,-0.309511469905166,-0.12732048075547148,0.1336074394685665,-0.21839702117418414,-0.30149609892416157,-0.3148740949915925,-0.16521182913862054,-0.18160234409427164,0.08241608498728586,-0.03870646152866275,0.11356535414600816,0.2261202793612901,0.07917085478647061,-0.004381572043882759,,0.06601374160649151,0.10179917521603243,-0.01841678323069481
0.13487547802078304,0.20041215710233296,0.0028962895299630698,0.18453311214087254,0.07398542478246842,-0.016967055806432554,-0.14617905524600144,0.05157317153046867,-0.2143059551242966,0.1336905813256281,0.11966962903687231,-0.3784847628532039,-0.3469980334202377,0.24968241220497356,0.003854631795866391,0.28656565652717075,,0.23807014939120735,0.11843518974689948,0.021197724600028223
-0.15173294148448985,-0.12213069387988343,-0.2618549596239787,-0.12397092751564114,-0.08512585019659157,-0.125820508347194,-0.19169224708064825,-0.08640909113352815,-0.13552661838556138,-0.14021699394428375,-0.04158018511198244,-0.01944625428256959,-0.008403161141185791,0.18871807762988657,0.08327603737643788,0.02560391390214284,,0.057598773263303704,-0.0804633314709943,0.09865283429077593
0.11818089024090883,0.1014563571302049,0.052467612713917755,-0.04211067349417347,-0.15572056009771257,-0.08080099649990766,-0.14631745458589418,0.012836701568714429,-0.17570901328901842,-0.04016350864079062,-0.1296518764834726,-0.13584498270482526,-0.19988813416542342,0.029774412320957438,0.10264478284383247,0.13384180874327317,,-0.08758360167994651,-0.22563527978794648,-0.08713819285534037
-0.19494478560562328,0.067479015765534,0.14946469894385672,0.14628549359760606,0.12353705300362355,0.0032964255876434534,-0.14320275039407798,-0.04248565485214017,0.0491905336992044,0.018200125045060744,-0.05747898502906408,-0.03004921689665539,-0.021912429570395874,0.06487949238451639,0.02185286852821444,-0.17367210589929213,,-0.025922048176256075,-0.1228692022037363,-0.21548629464968164
0.009214582879866984,-0.18513788003020193,-0.2702621700907771,-0.13335120429787412,-0.1263151123863942,-0.23625731438875505,-0.1436133140988431,-0.21871954681498554,-0.14584223279117967,-0.017436842779062836,-0.10445179926824084,-0.03118536080761384,-0.21930044363313717,-0.0525319937437341,-0.22811177956223105,-0.0379388305272091,,0.11834147123223879,-0.10159687645220986,0.05776818587690888
-0.21079526035041896,-0.15770505820925884,-0.12258524211858468,-0.14716368582524764,0.09397780533638872,-0.07971396973814796,-0.15880413240032976,-0.09785815623490239,0.1357854606330419,0.16428109385071604,0.13316240414521358,0.060751518830295864,0.16480444097450386,0.13505667106553917,0.053413906146386726,0.0067169112599382574,,0.06224432950857042,-0.08978618512904539,-0.1257663406611236
0.035201715748269025,-0.10448629043744263,-0.23024545382199202,-0.05515444848996082,-0.16859300469313301,0.006186860809459432,-0.10494249512332854,-0.055631485505637,-0.17823969285484,0.10087543485297767,-0.016569628283932547,-0.0669772045672154,-0.18792049114928888,-0.022448867269044083,-0.05173072693942618,0.021840673255336174,,-0.111642929368241,-0.04272628303737233,0.020666914741050174
0.05966549061909332,0.030099679151413483,0.1312218381285083,0.13575191440078088,-0.020270766366332404,0.1740786948748474,0.12921397641795962,-0.005022975618740988,-0.08313013432424171,0.0874386001688584,-0.05750957178046105,0.08540130991844988,0.13150519575018105,-0.040094461420565816,0.21901444125836797,-0.21024751627673,,-0.014584983057302249,0.01419877525588703,0.06805537346973575
0.14725689636099193,0.1543528065748373,0.08299654276025126,0.034941122960465726,-0.056676227419504115,-0.1753584813758626,0.07406459712601546,0.16530123278450898,0.036962850269160685,-0.0533064075739832,-0.0801167647333705,-0.12255238987942266,-0.12670912088288636,-0.15413651816392934,-0.26451505693850647,0.19137636925806112,,0.022295689573688326,-0.037891801468177985,-0.21427883283240162
-0.3858128076172996,-0.20869292966112304,-0.2332632842678323,0.1335872677409624,-0.10008860842078654,0.030263365863756803,-0.04228594715325723,0.016623372167097417,-0.02030006698958342,-0.040487271990450206,-0.15220687983608,-0.15929530363959396,-0.0830350143472546,-0.07789456191961022,-0.12301720213171746,-0.18865937925280116,,-0.08895658455603783,-0.04410906109414217,-0.04042430034387107
0.01292996715777428,0.054504456029792425,-0.13262927547629455,0.11443746106191566,-0.3247833731258466,0.03353845920794077,-0.26204894183864386,0.0982100280582704,-0.14857996986655767,0.07746064215597798,-0.007818330526595987,-0.1685929192249302,-0.2823532121001354,0.008389384043300807,-0.16944643660332961,0.14558427821851472,,-0.12587088533000998,-0.19843979341236617,-0.15659456039578973
-0.024397948823743687,0.14962083663677794,0.09805487839029892,-0.06333454415649034,0.2486762550654903,0.1445544274042051,0.06761011519277574,0.08571420519450135,0.1630415197228926,0.18749988238325865,0.3220971603819344,0.29984115431706465,0.33658223131147236,0.20808211249626674,0.3878590804202527,0.2417193459989171,,0.11879747505884067,0.10345811527909327,-0.033261059102888055
0.00912866372317267,0.07268138618733638,-0.10167467810959868,0.1252660855572416,-0.02613026931328552,0.08475881059762941,-0.0380493375595402,0.08320848440125095,-0.01979883595984082,-0.08237748880859164,-0.09299291636671517,-0.17846161465687652,-0.255588267582015,-0.06881437280354902,-0.15904818134179965,0.04964091898730241,,0.012690968659383836,-0.012701685112410405,0.11714871031323243
-0.2905949023887773,-0.09184759046354314,0.17282526877576376,0.1680166154085484,0.03189716145198321,0.19178999839248317,0.12201606519870539,-0.10228704380608468,-0.20592990854480933,0.09359104768536736,-0.1612849142844098,-0.2310791548854936,0.015997763138934917,0.15171227417061056,0.00910349266581404,-0.20153218742898646,,0.008500897232550611,-0.07643284832285771,-0.27965784755607614
0.061419505023989185,0.15106686578838718,-0.017597321855301384,0.07470680411148367,-0.06940330958620329,0.14022180641191767,0.036847068704867064,0.1428208670669707,-0.048442098164633116,-0.0838803976187249,-0.09298122447523731,0.011716848939290953,-0.08713341672866767,-0.11991036064929578,-0.272311691770435,0.07194441533441667,,0.06606734376175508,-0.05746013753504123,0.1164703641987358
0.09748136876415947,0.07395526126574198,0.14949331556216583,-0.11770457513766927,0.2075660491932277,0.07411474895745487,0.03865117810954599,0.04775433442681409,0.19158654547732967,0.1356313868731721,0.14082421749411178,0.12034284573342238,0.27543266390151977,0.07987287046822297,0.2958695630018965,-0.11750839985545909,,0.02459036988400906,0.248452571577507,0.18174559186589234
0.12021872930253585,0.12756400272728435,-0.10462453256579873,0.18471074707520085,-0.018976409280605122,0.013868518969535337,-0.15812616393101164,0.15279315329362225,0.013281829373539847,-0.1279594122921936,-0.2588218501011833,-0.04014512730673431,-0.004793362135219172,-0.04995633748026271,-0.21146999366225755,0.19405969942003837,,0.12729499328592783,-0.0273114073271509,0.12794363510773912
-0.013322326190006284,-0.09970319057475044,0.09041014936587743,0.11087574439522352,0.2692252414281268,0.23434260449407063,0.23867688767033401,0.07541026403158343,0.156288900178095,0.2727595637592979,0.2737283158085921,0.08605448209843677,0.045259609260768247,0.29501371014611977,-0.13489718744736726,-0.2107103628627232,,0.22586320948853678,-0.046055379217707165,-0.14202175120447863
0.11953114935356668,0.07047876009475623,0.025134832208958513,-0.10032581979592282,-0.036198641799227424,-0.010808381035041559,-0.04171953735035222,0.003180926702691683,0.005035966698814787,0.1113412039072271,0.08039993947286181,0.018818098772389907,0.015434779829223422,-0.1374713411364786,-0.012367406975555328,0.10602161876855848,,-0.016528315781721474,-0.040457432030700485,0.10134340701607783
-0.08672762636272197,-0.15944206714312048,0.14827369782241961,-0.061683604510099334,0.0810031150095073,0.17800475444266362,0.1952266795407976,0.11088605241307747,0.05905809893020342,0.11119598557910998,0.2147725125791896,0.19373344600742828,0.14969585449497178,0.19606580806074564,-0.10387615680556003,-0.18358391421183098,,-0.10749834859456758,0.2532052543237943,0.11903912285004098
0.11913301944375232,0.012854077968577016,0.13214189352391903,0.08308652533033639,0.09136036254396596,0.12912767301427325,0.26065849065690266,-0.12392199098002706,0.23701938193368444,-0.05063711804079239,-0.27634642228304995,-0.004889636133066377,-0.31519431158902167,-0.12064432032077285,0.09632589878833762,0.0661077259646757,,0.04572687035817356,-0.004044283456331538,0.1075039554862268
0.017838567226515445,-0.32325656534253205,0.1616918144115651,-0.1352795608415896,0.020313318262507152,0.1431956877819236,0.15593793939031497,-0.00311737388573928,0.0385392879785704,0.03780580893156943,0.20196305231880723,0.21314638261064062,0.1327827198349589,0.20012250105139862,-0.10910535773661853,-0.2804914781223689,,0.03278670330306385,0.20167359751152336,0.13910244846872555
0.1301286181785376,-0.351291270469029,-0.3567246180027444,-0.14379141675652862,-0.05067085213686956,-0.19169918648901776,-0.21985559498687324,-0.2094517075448417,-0.11265636027373004,-0.212562145646026,0.009637203908916453,-0.08959211246909443,0.12375459423305041,-0.04449317382271452,0.21604593853420118,-0.22480268729240863,,-0.026328345892465063,-0.024851321535927312,-0.07233750352128995
0.07876582227925377,-0.07610461485260148,0.14867710880261076,0.20743358069908385,0.1350936880816508,0.15144285255867712,0.24009902055911742,0.2689163117088706,0.24224770913961902,0.22960881045854364,0.25771073495268915,0.1779978093606543,0.27136161139215187,0.21159481038387137,0.07298520679690325,-0.04747807326043711,,-0.2367230219633335,0.056113089636316726,-0.2038119074550044
-0.023185675876976175,0.09758695986191857,0.019911397778904272,0.1502249866043916,0.13476780832517582,0.14392745439628923,0.02574804155443297,0.06551082990311155,0.14322989359520696,-0.09916254056322006,-0.027697755922069356,0.06732392535937279,0.06302701519260101,-0.1118424835191588,-0.08431582041767902,0.10994038665049782,,0.03508634332172608,-0.08798420594245818,0.10561340359458171
-0.007922403570149616,-0.007382194633432537,-0.19365433433667362,0.11210407948060375,0.14943058165527423,0.06261218755946846,0.01991927385853723,0.1491730519736687,-0.06455730179907342,-0.031335461749869425,0.031334791727274186,-0.26068088684471025,0.08473345214539019,0.2610109459565059,-0.09128572373607424,-0.19217579712717614,,-0.16957957892604358,-0.28148734705583417,-0.22229796740239077
0.07288097812767758,0.10359186663788655,0.04478146257823934,-0.3585997284098642,-0.21696690973561147,-0.3362609495924169,-0.1348770643017378,-0.28346399476816236,-0.13715003218250488,-0.05539559245433338,-0.09737773693945617,-0.08231211652088274,0.013341635576624836,-0.17086681943589416,0.14545568701745665,0.21453817680503273,,-0.3582142769231791,-0.09689261747665574,-0.3029659354268585
0.01584473792081309,-0.15216970189604404,0.146629091197371,-0.018406257748203897,-0.03106458800747329,-0.06097617144686792,-0.09000187931510326,-0.13833044936124536,-0.14874086815357118,-0.20461451095078717,0.07587850120773046,0.2207546209451672,0.2791901684923165,0.11451942453284111,0.3124693035137453,0.15140070813996098,,-0.1728918211502968,-0.15055609746696857,-0.06791380909480962
