AAL3_20,AAL3_21,AAL3_22,AAL3_23,AAL3_40,AAL3_41,AAL3_42,AAL3_43,AAL3_44,AAL3_45,AAL3_70,AAL3_71,AAL3_72,AAL3_73,AAL3_90,AAL3_91
-0.29823083,-0.21222563,-1.5882658,-1.549378,0.12431478,0.29427537,0.023415275,0.06451888,0.3670333,-0.34006134,1.5220324,1.2068841,0.9175744,1.1550066,-1.1858169,0.3284643
-0.24094065,-0.21943289,-1.3768599,-1.3970555,0.07058283,0.29543114,0.0477867,0.010454303,0.29716974,-0.36752048,1.2736751,1.1081424,0.6100867,0.7348051,-1.1022767,-0.09972734
-0.19829284,-0.22140153,-1.1815935,-1.2634143,-0.008048416,0.26242626,0.03518088,-0.07216728,0.22602081,-0.43235934,1.0123467,0.99761736,0.3423562,0.35894802,-1.0113989,-0.526039
-0.1678101,-0.2044054,-1.0248069,-1.1663449,-0.09612725,0.20742245,0.00011676048,-0.16619937,0.16730143,-0.53400034,0.75760114,0.8804691,0.12759182,0.053913515,-0.91366035,-0.8961638
-0.13739853,-0.15190843,-0.91958266,-1.1154723,-0.16715045,0.1547314,-0.023890775,-0.24039495,0.13477995,-0.65508366,0.5271353,0.75820446,-0.03159871,-0.16659729,-0.80609185,-1.1558349
-0.08573691,-0.0512526,-0.8587159,-1.1025581,-0.19077055,0.1326417,0.0073615704,-0.25760764,0.13681382,-0.7582595,0.33044004,0.6267031,-0.14551261,-0.31057057,-0.6813077,-1.2746935
0.0106516685,0.09782698,-0.8107058,-1.0969815,-0.15046856,0.15472044,0.123700306,-0.1948834,0.16878399,-0.7964727,0.16787146,0.48013803,-0.23159182,-0.40683252,-0.5313496,-1.2691166
0.16439572,0.2779796,-0.7302042,-1.0530692,-0.06368341,0.20048146,0.3095133,-0.066410035,0.20732395,-0.73760694,0.038734775,0.3216846,-0.30116212,-0.49034065,-0.35711014,-1.2056422
0.3643001,0.4566878,-0.5810751,-0.9295212,0.013108439,0.21340261,0.49181667,0.06933863,0.21294297,-0.5896221,-0.04701793,0.17400277,-0.34728295,-0.5807593,-0.17818023,-1.1734961
0.5706191,0.59591275,-0.3586953,-0.7113141,0.0073000495,0.12637216,0.5667304,0.13153493,0.14531393,-0.40484157,-0.06630551,0.0777479,-0.34520763,-0.6698303,-0.03401376,-1.2361623
0.7237652,0.66407484,-0.09582688,-0.42014584,-0.12618239,-0.096748516,0.45620885,0.060804978,-0.013069902,-0.25374326,0.0022069581,0.07252158,-0.26944217,-0.7283946,0.029131899,-1.3907228
0.76525444,0.6454111,0.15338053,-0.10552119,-0.36694434,-0.43011922,0.1615346,-0.14057869,-0.2381976,-0.18190111,0.15291375,0.16867895,-0.11854534,-0.72930396,-0.018686347,-1.5622255
0.66317976,0.5444198,0.3421223,0.179209,-0.62426966,-0.7869498,-0.22095406,-0.39800492,-0.46521512,-0.17847925,0.3366356,0.32839105,0.06901154,-0.6705317,-0.17051879,-1.638963
0.4305003,0.38501522,0.4550036,0.40186623,-0.7738723,-1.0537932,-0.5345408,-0.5926617,-0.61310935,-0.17885567,0.46869606,0.47156182,0.2213179,-0.5821296,-0.3777044,-1.5293807
0.12553461,0.20444609,0.5130404,0.5629844,-0.719538,-1.1404986,-0.6323446,-0.61671597,-0.6231132,-0.102319084,0.46227026,0.5080736,0.2625481,-0.5106337,-0.5658219,-1.209308
-0.16846569,0.04273794,0.5571907,0.6882149,-0.44712576,-1.0216113,-0.45008525,-0.42941782,-0.49054602,0.096635714,0.27073884,0.38159332,0.15178104,-0.48872718,-0.6643138,-0.73538774
-0.3766392,-0.069578335,0.6214017,0.80807006,-0.040952474,-0.7504535,-0.045914814,-0.08582036,-0.2717846,0.39395592,-0.08378539,0.10196423,-0.089758284,-0.5082068,-0.63467073,-0.22021356
-0.4624869,-0.120620206,0.71234083,0.93846095,0.34798986,-0.4394071,0.41462484,0.27915317,-0.06125103,0.69956666,-0.51141036,-0.25196216,-0.37860972,-0.51379734,-0.4834766,0.21586269
-0.43903026,-0.118621364,0.8078832,1.0730525,0.56710315,-0.21422869,0.7252037,0.5074076,0.050239224,0.8976599,-0.88524944,-0.56218857,-0.59717053,-0.42345947,-0.25573626,0.49189648
-0.35612112,-0.08488205,0.8738205,1.1895329,0.52870166,-0.16194388,0.72766095,0.48938623,0.014667883,0.9019176,-1.0885397,-0.72077936,-0.63680565,-0.16523598,-0.013692744,0.5917442
-0.27266613,-0.042745765,0.8870537,1.2635894,0.24685666,-0.2954569,0.38206172,0.2155818,-0.15503016,0.6971642,-1.058811,-0.67606777,-0.43744716,0.28781912,0.18887633,0.55998635
-0.23036593,-0.009934925,0.8509547,1.2818724,-0.17017126,-0.55041254,-0.21399733,-0.21732347,-0.39400446,0.34864458,-0.81258404,-0.45580554,-0.009522805,0.89986074,0.3272976,0.47533357
-0.24208628,0.0013767367,0.7950413,1.248307,-0.56544316,-0.814553,-0.8638312,-0.64733386,-0.61407834,-0.022345768,-0.44194523,-0.15817975,0.5674285,1.5767647,0.41464028,0.41663158
-0.29647574,-0.020587718,0.76106244,1.1829377,-0.79544777,-0.97526896,-1.3492867,-0.9143041,-0.7372739,-0.28375185,-0.08394041,0.08474034,1.1677676,2.1892724,0.4948139,0.4352037
-0.37034863,-0.08978457,0.7843789,1.1155833,-0.78348434,-0.9642509,-1.5144773,-0.92288876,-0.7214459,-0.3407777,0.12706555,0.15601408,1.6574275,2.6071696,0.62148625,0.5405549
-0.43889898,-0.21675815,0.87994266,1.0770528,-0.54427576,-0.7806716,-1.3221701,-0.6752884,-0.57121813,-0.16951607,0.1073332,-0.0037487836,1.9347494,2.735713,0.8305846,0.7012198
-0.47986153,-0.39698213,1.0376798,1.0899389,-0.17111075,-0.4839708,-0.8608637,-0.2619221,-0.3326276,0.17606618,-0.1459774,-0.3761339,1.9601723,2.5443645,1.1189983,0.8604984
-0.47415242,-0.60176045,1.2267642,1.1607571,0.20836678,-0.16077228,-0.30075294,0.18370754,-0.07366524,0.58720046,-0.55457294,-0.8733826,1.7628317,2.077494,1.4410712,0.9636309
-0.40712017,-0.780177,1.4052895,1.2758313,0.48768702,0.117051244,0.18043987,0.54361266,0.14264618,0.9443855,-0.99000907,-1.3712362,1.4212544,1.4403983,1.7261277,0.986098
-0.2722283,-0.8743019,1.5314007,1.403285,0.6225572,0.32137144,0.466461,0.7588064,0.28163612,1.1627127,-1.324094,-1.7530955,1.0276883,0.7633892,1.908753,0.947889
-0.076354146,-0.84218293,1.5725852,1.5014099,0.638891,0.46947426,0.5351584,0.83807904,0.34591094,1.217692,-1.4776223,-1.9486703,0.653903,0.15823017,1.9562402,0.9039475
0.15572561,-0.6783996,1.510936,1.530415,0.6069165,0.6002824,0.44494572,0.83280563,0.36574814,1.141784,-1.4461112,-1.9527828,0.33464295,-0.31301588,1.87958,0.91554403
0.38127455,-0.42195472,1.3441869,1.4630265,0.5976431,0.74171203,0.29006317,0.79733783,0.3768438,0.9978188,-1.2920061,-1.8182079,0.073540166,-0.64277744,1.7241124,1.0193949
0.547515,-0.14604743,1.0846004,1.2911435,0.6450314,0.88928294,0.15209398,0.7594487,0.3978018,0.8459684,-1.1096488,-1.6274315,-0.13759996,-0.85805017,1.5467767,1.2109324
0.6076812,0.067623116,0.75811934,1.0286045,0.7313932,1.0069978,0.07021039,0.71453804,0.41920516,0.7204722,-0.98205465,-1.4568955,-0.30187392,-0.9914891,1.3922217,1.4473507
0.5392319,0.15943018,0.40352607,0.7106871,0.79973155,1.0468497,0.03742903,0.64027023,0.409634,0.6236636,-0.9495019,-1.3491423,-0.41320112,-1.0613241,1.2779734,1.6652743
0.35427698,0.113440685,0.06821627,0.38903117,0.7831687,0.97297007,0.016358731,0.5172539,0.33509246,0.5348141,-1.0004416,-1.3027737,-0.46340653,-1.067739,1.1925563,1.8039123
0.095272705,-0.03972728,-0.20212717,0.11996049,0.6351413,0.77627105,-0.037722,0.3420236,0.18097608,0.42544428,-1.0835187,-1.2812549,-0.4503557,-1.0009853,1.1045412,1.8257195
-0.18202408,-0.23919246,-0.37740955,-0.052382093,0.34689206,0.47403115,-0.15683235,0.12756097,-0.03614795,0.27274528,-1.1323677,-1.2342093,-0.37895885,-0.8518421,0.97747797,1.7284427
-0.42836118,-0.4201914,-0.45287812,-0.11128825,-0.0521613,0.09922303,-0.3488982,-0.104278326,-0.27402836,0.066936135,-1.0928845,-1.121339,-0.25573164,-0.61879575,0.7852167,1.5442467
-0.6130698,-0.5375025,-0.4479644,-0.07272132,-0.5065791,-0.31074506,-0.59621733,-0.33085674,-0.48402864,-0.18696423,-0.9432772,-0.9293447,-0.08405823,-0.31162724,0.52281576,1.3254768
-0.72485363,-0.57618576,-0.3946159,0.022846524,-0.951207,-0.71919036,-0.86195207,-0.5328133,-0.63228965,-0.47060493,-0.6997539,-0.6755578,0.1342374,0.04738966,0.20957804,1.1225224
-0.7656914,-0.5477951,-0.3229145,0.12722987,-1.3252939,-1.0897113,-1.1009884,-0.6945338,-0.7103496,-0.75581807,-0.40637913,-0.39782566,0.39180914,0.42462298,-0.11681836,0.9634941
-0.7447631,-0.47745317,-0.2528766,0.20049827,-1.5820379,-1.3856155,-1.2709333,-0.80394644,-0.7302838,-1.0103129,-0.11517153,-0.13661313,0.66814655,0.7785468,-0.41263998,0.84460855
-0.6756762,-0.38987958,-0.19554201,0.21880259,-1.6932906,-1.5738,-1.3398843,-0.85335654,-0.70922685,-1.204831,0.13273445,0.08106136,0.9254419,1.0641451,-0.64150745,0.7347354
-0.5753433,-0.30040482,-0.15915172,0.17322585,-1.6496189,-1.6326615,-1.2896818,-0.8406088,-0.6541471,-1.3192062,0.31594563,0.2479956,1.1096736,1.2370527,-0.7834288,0.5911596
-0.46151513,-0.21280693,-0.15336989,0.064213276,-1.4572339,-1.559501,-1.1159356,-0.7692634,-0.55704343,-1.3449299,0.43018913,0.37207574,1.1585271,1.2589741,-0.8371092,0.37947387
-0.34839717,-0.12227981,-0.18765764,-0.10294038,-1.1353838,-1.3728983,-0.8278682,-0.6480766,-0.40401432,-1.2846265,0.48018262,0.46598935,1.0181066,1.1074896,-0.81721777,0.08955346
-0.24242127,-0.02026408,-0.26561597,-0.31886014,-0.7172999,-1.1086562,-0.45039546,-0.49139923,-0.19242951,-1.1513172,0.47419113,0.5395129,0.666296,0.78971,-0.7500896,-0.2588087
-0.1405262,0.10168664,-0.38051423,-0.5680476,-0.25312203,-0.811009,-0.027378079,-0.32084835,0.055892084,-0.9693355,0.4252467,0.5990808,0.13245587,0.3522083,-0.66984946,-0.6232008
-0.031979166,0.24989033,-0.5160644,-0.82724744,0.19159766,-0.522146,0.37907198,-0.16576587,0.29620266,-0.77483356,0.3558625,0.6528035,-0.5010906,-0.12323557,-0.614007,-0.9557371
0.096315086,0.42708364,-0.65240926,-1.0676106,0.54732853,-0.27326846,0.69864935,-0.059113268,0.4783572,-0.6113407,0.2986651,0.7146057,-1.1228324,-0.54187983,-0.61630154,-1.2214885
0.25193888,0.62973344,-0.7737322,-1.2618223,0.75999904,-0.08009096,0.87200594,-0.028506568,0.57033813,-0.51830626,0.28750378,0.8019835,-1.6316265,-0.82751447,-0.69672644,-1.408272
0.42916372,0.84430796,-0.8732618,-1.3935006,0.8086947,0.055590626,0.8706477,-0.08659215,0.57313234,-0.51668525,0.34130388,0.92710793,-1.9699514,-0.9463707,-0.85280734,-1.5229615
0.605682,1.0454851,-0.95362604,-1.4632972,0.7109788,0.13933983,0.7061577,-0.22648264,0.518312,-0.5998904,0.45051956,1.0866312,-2.1317306,-0.91046506,-1.058309,-1.5782219
0.7475681,1.1997943,-1.0233654,-1.4872222,0.5123857,0.17633025,0.42309397,-0.42493683,0.45131415,-0.736522,0.57695574,1.2574948,-2.1429384,-0.7606754,-1.2724645,-1.5794226
0.82179964,1.275251,-1.091796,-1.4875873,0.26605836,0.1667093,0.08010216,-0.6511765,0.41133913,-0.88423324,0.6700103,1.4029071,-2.0315638,-0.54247296,-1.4560226,-1.5201195
0.81044465,1.2532458,-1.1639726,-1.4817824,0.013141791,0.10613056,-0.2700505,-0.8765482,0.41803792,-1.0072191,0.69128126,1.4865679,-1.808936,-0.29001775,-1.5854356,-1.3877712
0.7187516,1.1366314,-1.2367504,-1.4749635,-0.22779252,-0.009724736,-0.5929042,-1.0810353,0.46863446,-1.0881308,0.63348126,1.488196,-1.4737797,-0.026001966,-1.6578394,-1.1750063
0.57238644,0.94926244,-1.2972231,-1.4596575,-0.46019578,-0.17988195,-0.8756049,-1.2554648,0.5432103,-1.1294625,0.5230071,1.4125406,-1.0327926,0.22793628,-1.6860884,-0.88978165
0.40473205,0.72627324,-1.3254179,-1.4213697,-0.70118165,-0.39542535,-1.1248189,-1.4007372,0.6139148,-1.146094,0.40506533,1.2873299,-0.52007914,0.442785,-1.6895593,-0.5597133
0.24015795,0.49905217,-1.3021473,-1.3471683,-0.97065085,-0.6411858,-1.3628588,-1.5258493,0.6549502,-1.1550248,0.31923914,1.1509256,0.00023800062,0.5853385,-1.6876975,-0.22885779
0.081501566,0.28212556,-1.219751,-1.2339188,-1.2817154,-0.9006322,-1.6213999,-1.6447881,0.65183735,-1.1679542,0.27750215,1.0352932,0.45116028,0.63219345,-1.6988944,0.05245593
-0.09101041,0.0692455,-1.0901253,-1.093013,-1.6332679,-1.1600989,-1.9289999,-1.7706321,0.6088545,-1.188602,0.2555373,0.95250744,0.76874876,0.5842564,-1.7413224,0.2418812
-0.30693352,-0.15811646,-0.9440482,-0.94880813,-2.0039964,-1.4082031,-2.2912662,-1.9061368,0.55221885,-1.2129978,0.2028334,0.8919759,0.9207612,0.4702629,-1.8302071,0.3177493
-0.5840311,-0.4137776,-0.8197921,-0.82962096,-2.348734,-1.6297191,-2.6707828,-2.0341003,0.5251736,-1.2302034,0.06874513,0.8304443,0.90864503,0.33543816,-1.9698592,0.28337538
-0.9097901,-0.6912509,-0.7455499,-0.7538666,-2.6011243,-1.7984105,-2.9810908,-2.1143813,0.57266587,-1.2230101,-0.16660431,0.7496121,0.7562804,0.22153662,-2.1453137,0.16007754
-1.2380259,-0.9594806,-0.725058,-0.7182563,-2.6869683,-1.8759828,-3.1065779,-2.093092,0.71897554,-1.1704725,-0.47167766,0.65110904,0.49718943,0.14962736,-2.321201,-0.025576966
-1.5039705,-1.1727113,-0.7349868,-0.69620985,-2.5478237,-1.8216156,-2.9461002,-1.9226499,0.94821763,-1.0540527,-0.7650281,0.55938804,0.1696927,0.11453557,-2.4511325,-0.24926268
-1.6490043,-1.2878495,-0.7358618,-0.64994967,-2.1669729,-1.6098423,-2.4611542,-1.5837659,1.1993839,-0.8663737,-0.9416037,0.5097351,-0.18025856,0.09273671,-2.492809,-0.48501083
-1.6401742,-1.2785825,-0.6899775,-0.55091816,-1.5853868,-1.2482656,-1.7026607,-1.0980455,1.3817862,-0.61841595,-0.9154101,0.5271011,-0.49724036,0.058461133,-2.4196372,-0.6964577
-1.4755402,-1.1403106,-0.57622606,-0.3964692,-0.89747804,-0.78444695,-0.80033493,-0.52458316,1.406444,-0.34020272,-0.66145355,0.6069888,-0.7242277,-0.000973978,-2.2228072,-0.83704656
-1.1789414,-0.88886493,-0.39528385,-0.21193947,-0.22470672,-0.29478267,0.08113402,0.057816118,1.2202377,-0.07255882,-0.23701054,0.7093976,-0.8205315,-0.0787041,-1.9054948,-0.86546296
-0.7945351,-0.559763,-0.16555594,-0.03615417,0.32411286,0.14308077,0.7978631,0.57477194,0.8275204,0.14788899,0.23199885,0.7708391,-0.77966356,-0.15347664,-1.4762279,-0.76638216
-0.38557634,-0.20936921,0.084994994,0.10072884,0.68843883,0.48167711,1.2692573,0.97707206,0.2893686,0.30406606,0.59848624,0.73001456,-0.6329819,-0.2018707,-0.9476118,-0.55849373
-0.030445775,0.08898446,0.32594907,0.1927697,0.869201,0.7200915,1.4904828,1.2504591,-0.29928398,0.40609235,0.75491863,0.55436856,-0.4325234,-0.20880128,-0.34131154,-0.28100565
0.19375843,0.26136628,0.5285219,0.257281,0.9108216,0.89254004,1.512459,1.411279,-0.8452181,0.48542163,0.67532486,0.2529303,-0.22180913,-0.17036466,0.30486217,0.032035127
0.23842211,0.25930417,0.66837007,0.31941292,0.86070025,1.0345482,1.4005682,1.4905639,-1.2914473,0.5760599,0.41494262,-0.1316151,-0.014381543,-0.09068689,0.9338355,0.37038383
0.1053933,0.08093995,0.7301484,0.3953109,0.73050636,1.1496251,1.1931323,1.5148178,-1.6373594,0.6916833,0.06980612,-0.54578936,0.2045165,0.02084131,1.4749686,0.74658126
-0.15379976,-0.22821581,0.71421486,0.48706877,0.48657134,1.2010356,0.8834809,1.4940362,-1.9344534,0.8124212,-0.2759262,-0.94825435,0.45534828,0.14862716,1.8598884,1.1780914
-0.4642405,-0.5977356,0.6409842,0.5909072,0.081833504,1.1362876,0.4404821,1.4235282,-2.2544253,0.89171463,-0.5819552,-1.3196084,0.738887,0.2697293,2.044379,1.6658967
-0.76363003,-0.9644675,0.54645526,0.7070162,-0.4850462,0.92910326,-0.13918318,1.297737,-2.6387165,0.88228303,-0.8485998,-1.6562105,1.0264945,0.3581986,2.026954,2.1821117
-1.025383,-1.2943071,0.46740127,0.83864456,-1.1210129,0.6117846,-0.77857935,1.1271241,-3.053598,0.76795655,-1.0894345,-1.9556781,1.2704391,0.39543197,1.8537128,2.6716082
-1.255527,-1.5812137,0.42381406,0.9807636,-1.6401472,0.2767229,-1.3094101,0.9475174,-3.3812363,0.5833027,-1.3038445,-2.205234,1.4237831,0.38025776,1.6050569,3.065502
-1.4675761,-1.8271035,0.41107756,1.1118386,-1.8295015,0.043326836,-1.5251212,0.8146854,-3.4636164,0.40832874,-1.4674251,-2.3801064,1.4559253,0.33128908,1.3697006,3.3004377
-1.6530744,-2.0186327,0.40888762,1.2014365,-1.5524518,0.0048136613,-1.2801642,0.78280497,-3.184677,0.3373605,-1.5421066,-2.4517984,1.357854,0.27969292,1.2178108,3.336068
-1.7673995,-2.1174529,0.40107676,1.2311345,-0.83349216,0.17995803,-0.58127517,0.87310153,-2.546263,0.4335994,-1.4950242,-2.3997605,1.1409448,0.25772876,1.1834534,3.1641388
-1.7404822,-2.0700283,0.39067063,1.2111146,0.12719509,0.49448583,0.3864061,1.0474182,-1.6898098,0.68943375,-1.3124043,-2.2181835,0.83583975,0.2907673,1.2595038,2.8075387
-1.5068775,-1.8300021,0.39704055,1.1754658,1.0238184,0.8052577,1.3204368,1.2059114,-0.84520525,1.0138901,-1.0012372,-1.9138919,0.49272102,0.39576676,1.4026331,2.3140368
-1.0385323,-1.3797568,0.43641716,1.1566762,1.5679797,0.9608983,1.9216815,1.2206665,-0.23215328,1.2598677,-0.58176965,-1.4993356,0.17748305,0.5813597,1.5455909,1.7507331
-0.36316702,-0.7411415,0.5018403,1.1588912,1.6061871,0.8728906,2.014986,0.996468,0.03321891,1.2856005,-0.08067764,-0.98996985,-0.042863764,0.8416367,1.6160045,1.1990525
0.43937117,0.026353115,0.5603533,1.152293,1.1790975,0.56221116,1.6139215,0.5281548,-0.019690327,1.0245737,0.4672399,-0.41180167,-0.12546553,1.1423935,1.5600572,0.7439317
1.2584329,0.83575994,0.5711622,1.0938274,0.49974874,0.15577064,0.90502304,-0.08107366,-0.23977429,0.5281207,1.0108615,0.18596445,-0.07690186,1.4107932,1.3644553,0.45397526
1.9805868,1.5867592,0.5106113,0.9574503,-0.13614567,-0.16862857,0.16487403,-0.65675,-0.4252265,-0.045905817,1.4792225,0.7267299,0.038565133,1.5449708,1.0658752,0.35997486
2.5145392,2.182387,0.38446763,0.750051,-0.46901593,-0.2635639,-0.35111102,-1.029714,-0.4076412,-0.49873826,1.7930244,1.1211011,0.11991401,1.4500318,0.7397692,0.44506764
2.808184,2.5480583,0.2198153,0.5030797,-0.3758416,-0.080458485,-0.5033163,-1.1124684,-0.117505096,-0.6809549,1.8901675,1.2968931,0.07524459,1.0861926,0.47089687,0.6532419
2.8564281,2.649739,0.046185154,0.2509555,0.08709296,0.3076499,-0.3112876,-0.9354507,0.39037293,-0.5616664,1.7521493,1.228416,-0.12988526,0.50072426,0.31951213,0.91033626
2.6988373,2.5042558,-0.117673576,0.016083412,0.7158948,0.7394629,0.06837083,-0.62620366,0.960731,-0.2400708,1.4158782,0.94826216,-0.44998616,-0.1781608,0.3005862,1.1454868
2.406472,2.1749585,-0.2635013,-0.18979213,1.2512268,1.0378934,0.41835102,-0.34590662,1.4040059,0.10585104,0.96434087,0.5361412,-0.77754045,-0.7841309,0.38522485,1.3053906
2.0603478,1.7519678,-0.38560498,-0.35554373,1.4894767,1.0861094,0.5572943,-0.2187191,1.5780195,0.30373338,0.5014712,0.092482634,-0.9909834,-1.1697756,0.51966405,1.3619286
1.7283539,1.3243307,-0.47656178,-0.466958,1.3625617,0.87204397,0.41386026,-0.28782597,1.4465824,0.25872076,0.12262371,-0.29022142,-1.0053858,-1.2519253,0.6485071,1.3167402
1.4493744,0.95583093,-0.531163,-0.51569,0.95352894,0.48525608,0.047815803,-0.5115136,1.0861143,-0.019612418,-0.10960204,-0.54902744,-0.8012958,-1.031857,0.7307758,1.2024102
1.230482,0.6740517,-0.5531351,-0.5124237,0.44945568,0.07518782,-0.3842013,-0.78970265,0.64106965,-0.437466,-0.17932527,-0.66207874,-0.4247679,-0.59106404,0.7459201,1.0749873
1.0568967,0.47516972,-0.5562867,-0.490103,0.06176205,-0.20492859,-0.69511974,-1.0019329,0.2579258,-0.8620115,-0.11944012,-0.6500604,0.03227395,-0.06846599,0.69357413,0.9937745
0.90850544,0.33922085,-0.5577231,-0.49142417,-0.049693506,-0.24585871,-0.73538023,-1.0434198,0.03389932,-1.1659025,-0.00076696917,-0.5670491,0.45839655,0.37603176,0.59082824,0.992858
0.77402973,0.24627562,-0.5683164,-0.5480682,0.17486909,-0.010483887,-0.4408753,-0.8547227,-0.0011494247,-1.2579889,0.091528215,-0.48036963,0.7484961,0.605286,0.46681032,1.058102
0.65565926,0.18504846,-0.58755773,-0.6652022,0.68218255,0.46005255,0.14824003,-0.4419682,0.12575716,-1.1000494,0.08972336,-0.4431438,0.8269497,0.54414725,0.35261905,1.1248248
0.5623858,0.151106,-0.6060993,-0.82018256,1.328193,1.0613165,0.9000953,0.11960565,0.35478368,-0.7125481,-0.027367886,-0.46961886,0.6652463,0.19975103,0.26800558,1.1019897
0.4969444,0.13874735,-0.6141443,-0.9750323,1.9289497,1.6578044,1.6318699,0.70508575,0.61898875,-0.1692283,-0.22221316,-0.526241,0.2887312,-0.34523317,0.21117958,0.913473
0.44559705,0.13458632,-0.6104834,-1.0950445,2.3231652,2.121817,2.166077,1.1779308,0.86491454,0.42034802,-0.41264868,-0.5459927,-0.23120879,-0.9622003,0.15871604,0.5355405
0.37890965,0.11911824,-0.60619456,-1.1636069,2.4211297,2.3637748,2.38108,1.4305958,1.0629989,0.9368598,-0.50886136,-0.4612761,-0.7970395,-1.5155039,0.076901585,0.010388884
0.26491132,0.07597777,-0.61950976,-1.186032,2.2203407,2.3440495,2.2375765,1.4110373,1.2053651,1.2783508,-0.45640373,-0.2394356,-1.3094484,-1.8963704,-0.061450463,-0.5706616
0.08740839,0.0018961057,-0.6640275,-1.1815538,1.7876163,2.0688663,1.7774131,1.1290984,1.295233,1.3815224,-0.2634854,0.097147964,-1.6884807,-2.0433812,-0.26359576,-1.102828
-0.14211679,-0.09091659,-0.7377422,-1.1692754,1.2246677,1.5803423,1.1039933,0.6473089,1.3370554,1.2335557,0.0014122708,0.47597802,-1.8868865,-1.94762,-0.5127606,-1.5018501
-0.3868903,-0.18252234,-0.82021445,-1.1562853,0.6354104,0.9468574,0.3543543,0.062412437,1.3329202,0.87255204,0.23973447,0.80071634,-1.8937021,-1.6445608,-0.7738378,-1.7216378
-0.60008514,-0.25755662,-0.8792011,-1.1332142,0.10267827,0.25192776,-0.333121,-0.5191888,1.2826641,0.37531954,0.3651017,0.98550147,-1.7277416,-1.197038,-1.0053504,-1.7548572
-0.74364406,-0.31295276,-0.88182986,-1.0776805,-0.32605004,-0.4213033,-0.8522591,-1.0081992,1.1826667,-0.16560742,0.3376553,0.9827978,-1.4235625,-0.6754138,-1.1726356,-1.6250348
-0.80044895,-0.35585016,-0.8042558,-0.9631605,-0.6435605,-1.0063788,-1.1547037,-1.3527434,1.02384,-0.66820025,0.17686668,0.796239,-1.0162486,-0.14148128,-1.257672,-1.3776537
-0.7749062,-0.39388007,-0.63690394,-0.7699733,-0.8755564,-1.462591,-1.2555819,-1.5427214,0.79427314,-1.0798497,-0.049284857,0.47777545,-0.5323678,0.35971895,-1.2629498,-1.0714391
-0.6838604,-0.4248011,-0.38536575,-0.49444214,-1.06158,-1.7728171,-1.2152939,-1.5965451,0.4887178,-1.3817524,-0.25095376,0.11318871,0.009158715,0.7999982,-1.209342,-0.7679472
-0.54418635,-0.43198106,-0.0677706,-0.15216614,-1.2320074,-1.9346182,-1.1069088,-1.53972,0.11918143,-1.5793239,-0.3470244,-0.19944277,0.5880979,1.1626585,-1.1294347,-0.5198004
-0.36429042,-0.3884366,0.29029572,0.22637607,-1.3923874,-1.9532762,-0.98603266,-1.3896124,-0.2822239,-1.6860173,-0.28960812,-0.37467512,1.171485,1.4349061,-1.057717,-0.36110157
-0.14430867,-0.26796004,0.6610861,0.60511637,-1.5227393,-1.842026,-0.8766534,-1.1554672,-0.6717307,-1.7102661,-0.076794915,-0.36341006,1.7066556,1.6014892,-1.0191756,-0.30331674
0.115347296,-0.05855178,1.0174162,0.95069814,-1.5917912,-1.6276318,-0.77656287,-0.8515071,-1.009021,-1.6527743,0.24839047,-0.1679931,2.1249783,1.6436677,-1.0197654,-0.3366978
0.40316728,0.2284588,1.3321384,1.2356277,-1.5788407,-1.354344,-0.675909,-0.5114099,-1.2705173,-1.5151325,0.61258763,0.15922078,2.358842,1.5463661,-1.0441545,-0.43483183
0.69199103,0.55923283,1.5774227,1.4375235,-1.4915648,-1.0793159,-0.5762411,-0.19057897,-1.4548225,-1.313171,0.9368907,0.53619206,2.3669307,1.3110641,-1.0642442,-0.5604481
0.9456838,0.8890413,1.7284129,1.539607,-1.3687977,-0.8577052,-0.4975228,0.049995285,-1.5794337,-1.0839031,1.163675,0.88263744,2.1552367,0.96568763,-1.0554179,-0.67277825
1.1338646,1.1787939,1.7723424,1.5356929,-1.2644649,-0.72317654,-0.4679907,0.17161253,-1.6715237,-0.87769705,1.2741697,1.147233,1.7805363,0.56211,-1.0109941,-0.7373943
1.2446635,1.4064944,1.7177731,1.4366262,-1.2200102,-0.67442703,-0.50334954,0.18054634,-1.7563313,-0.73722583,1.2885658,1.3170668,1.3322037,0.15974502,-0.9451447,-0.7372021
1.285719,1.5662106,1.5952595,1.2707632,-1.2409533,-0.6766389,-0.5900905,0.1289292,-1.8460475,-0.6753033,1.2496635,1.4070066,0.90135795,-0.19543235,-0.8819937,-0.6800696
1.2717087,1.6557426,1.4451458,1.0741812,-1.2921162,-0.67877585,-0.6860029,0.08971669,-1.9320308,-0.666369,1.2000794,1.4392867,0.5531982,-0.48270893,-0.83833593,-0.5979061
1.2069433,1.6628255,1.298115,0.87525916,-1.3153486,-0.6384356,-0.7396113,0.118660524,-1.9836909,-0.65804356,1.1649712,1.4283066,0.3138029,-0.7020753,-0.81181616,-0.5356108
1.0759883,1.5614688,1.1610814,0.6847268,-1.2599756,-0.5414021,-0.7171945,0.22562222,-1.9563711,-0.59579337,1.1464779,1.3792913,0.17179245,-0.858496,-0.7820833,-0.5341899
0.85019046,1.3230356,1.018075,0.4991366,-1.1087542,-0.40591925,-0.6206936,0.3718888,-1.8069143,-0.44597188,1.1283879,1.2976484,0.08830968,-0.9485202,-0.7230168,-0.6160051
0.50717384,0.93613756,0.84481585,0.3148306,-0.8856737,-0.2705034,-0.48598397,0.4932239,-1.5113921,-0.20636965,1.0858036,1.1979315,0.010514992,-0.96021974,-0.61705625,-0.77836597
0.051850215,0.4232333,0.6261097,0.14044161,-0.6436416,-0.17366885,-0.3640457,0.5326609,-1.07814,0.09553222,0.99542046,1.1028962,-0.111165784,-0.8859937,-0.46289855,-0.9957428
-0.47340855,-0.15633388,0.3646017,-0.0030876943,-0.44151023,-0.13791746,-0.29799473,0.4636951,-0.551422,0.4092123,0.84422386,1.032229,-0.30216473,-0.73645616,-0.27394068,-1.225784
-0.9958296,-0.719789,0.076988496,-0.09599053,-0.3233018,-0.16559,-0.30944172,0.29455492,-0.0042161704,0.6684551,0.6353237,0.98963135,-0.54631895,-0.5418088,-0.071100995,-1.4143804
-1.4345399,-1.1859506,-0.2176073,-0.13710761,-0.30703935,-0.24447127,-0.39864987,0.058165554,0.479113,0.8032555,0.3894898,0.9588562,-0.78396904,-0.3370728,0.12439233,-1.4999415
-1.7291418,-1.5017475,-0.5087028,-0.15269993,-0.38246596,-0.35474852,-0.552101,-0.2009557,0.82698524,0.76126117,0.14113083,0.9125618,-0.932569,-0.14159624,0.2948749,-1.4219658
-1.862074,-1.6588545,-0.7984618,-0.19003981,-0.51337653,-0.47119498,-0.7471242,-0.43557394,1.0045345,0.53390515,-0.07130806,0.82802075,-0.9230446,0.050709553,0.42673916,-1.138489
-1.8636956,-1.6924596,-1.096646,-0.29871154,-0.6430494,-0.56207377,-0.9492011,-0.6011777,1.027328,0.17161247,-0.21832144,0.6988968,-0.73362064,0.26176375,0.5095389,-0.64972234
-1.7961559,-1.6620383,-1.4088218,-0.5088082,-0.70566803,-0.5913124,-1.1082054,-0.66257924,0.95653385,-0.2261042,-0.29099524,0.5360821,-0.4029048,0.506956,0.53599066,-0.015848555
-1.7228264,-1.6231703,-1.723338,-0.815491,-0.64629215,-0.5284361,-1.1652285,-0.6033936,0.8742708,-0.5451342,-0.3055844,0.35901436,-0.0154955145,0.7763772,0.5041621,0.6463291
-1.6787788,-1.6045046,-2.0044398,-1.1759263,-0.44489735,-0.36371496,-1.074983,-0.4347606,0.84776133,-0.69945586,-0.29749817,0.18468662,0.33192185,1.0326385,0.4213507,1.1950634
-1.6584183,-1.601218,-2.1980066,-1.5204934,-0.13141531,-0.11964183,-0.83342016,-0.19694388,0.8990571,-0.6608361,-0.30647504,0.021077516,0.5669106,1.2258642,0.30739316,1.514396
-1.6268137,-1.58674,-2.2510495,-1.7757329,0.2221101,0.15104657,-0.48943922,0.05069952,0.9977987,-0.46242344,-0.35989836,-0.13273028,0.66333866,1.3153632,0.19450322,1.5605637
-1.546433,-1.5337186,-2.1373065,-1.8910742,0.5340307,0.38438928,-0.12599874,0.2504036,1.0835621,-0.17715889,-0.46242112,-0.2816151,0.6407882,1.2850442,0.12182386,1.3795608
-1.4008342,-1.4301072,-1.8745412,-1.8571897,0.7535585,0.53406143,0.1820634,0.36974156,1.1054598,0.1162539,-0.59639424,-0.4282636,0.5444726,1.145506,0.12521467,1.0852463
-1.1996889,-1.280728,-1.5209651,-1.7055769,0.8831455,0.59417886,0.40613386,0.4165719,1.0531713,0.36265063,-0.7316841,-0.5691253,0.4177249,0.92441833,0.22531468,0.8079169
-0.9641967,-1.0959386,-1.1498431,-1.4884231,0.96709293,0.60077757,0.57074267,0.43487808,0.9584301,0.5421095,-0.83902407,-0.6942671,0.28122395,0.6527021,0.41857162,0.6379355
-0.7071857,-0.8787163,-0.81598365,-1.2499648,1.0543563,0.6085444,0.72420007,0.47983682,0.8674954,0.66163003,-0.90002227,-0.7905928,0.12809783,0.3546504,0.6757557,0.59042495
-0.42545357,-0.6218775,-0.53477883,-1.0067302,1.1615436,0.65580064,0.8943673,0.5830434,0.8061456,0.7353311,-0.90927756,-0.8459392,-0.064437136,0.046362463,0.9497565,0.60633934
-0.1106177,-0.31809455,-0.28722864,-0.74881417,1.2603793,0.7401242,1.0613636,0.7279455,0.76218194,0.7672357,-0.8686536,-0.8516671,-0.31353086,-0.25875136,1.1897779,0.5886842
0.23130217,0.02551672,-0.04659838,-0.46017,1.2953982,0.8212396,1.166257,0.85335666,0.69506,0.74780375,-0.77871054,-0.8036341,-0.6096202,-0.54313654,1.3552058,0.45677957
0.5687894,0.38035944,0.19346502,-0.14223485,1.2180908,0.84968346,1.1494722,0.88776606,0.56238747,0.666014,-0.6345737,-0.70354617,-0.9064522,-0.7834835,1.4229313,0.19210465
0.85274273,0.703218,0.41074088,0.17764421,1.0166932,0.8021916,0.9932768,0.79718894,0.34421456,0.5288345,-0.4306701,-0.56206113,-1.1295683,-0.95694566,1.3872122,-0.14808361
1.0392107,0.953053,0.5722395,0.46032017,0.7272472,0.70073926,0.74143153,0.6180056,0.05203098,0.37517604,-0.17179856,-0.4018391,-1.2028534,-1.0512341,1.2568114,-0.45692906
1.111895,1.1070408,0.6640438,0.6814896,0.4227584,0.60385567,0.4842977,0.45224902,-0.2782582,0.27383104,0.118111,-0.2561006,-1.0819199,-1.0704389,1.0544492,-0.6292426
1.0901308,1.1667114,0.71043515,0.8509787,0.18593654,0.5766543,0.3179632,0.42345166,-0.6017246,0.3025375,0.39816123,-0.15938838,-0.7759588,-1.0307558,0.81800723,-0.6092404
1.0186896,1.1527762,0.7681316,1.0100825,0.07650753,0.65782845,0.29965907,0.61450624,-0.8794839,0.5149338,0.625151,-0.1324276,-0.34432486,-0.94823486,0.59759974,-0.4104649
0.94741005,1.0945452,0.89917415,1.2080177,0.10750043,0.8418403,0.42299864,1.021234,-1.0878233,0.9102997,0.7729771,-0.1688593,0.12968858,-0.8279705,0.4441805,-0.10215522
0.9129356,1.0211726,1.1390479,1.4721704,0.24316886,1.0845977,0.6257136,1.5484959,-1.2193854,1.423027,0.8442693,-0.23329279,0.5697798,-0.6642077,0.3930134,0.2249866
0.9301393,0.9574015,1.4775718,1.7894769,0.42106092,1.3275769,0.82517195,2.0525963,-1.2777183,1.9410383,0.86562204,-0.27500078,0.9229418,-0.45270377,0.45149177,0.49342957
0.99276406,0.92125,1.8612257,2.1083136,0.58651096,1.5260335,0.9623261,2.4076052,-1.2693626,2.347077,0.8683961,-0.25200808,1.1559874,-0.20667845,0.5991975,0.65881616
1.0785887,0.9204836,2.2139416,2.358465,0.7198457,1.6663084,1.0309317,2.5598633,-1.1987203,2.5632448,0.86752427,-0.15253355,1.2433126,0.035876248,0.8002054,0.7112549
1.1562918,0.948897,2.4651768,2.4783056,0.8410298,1.7644285,1.0771699,2.5422509,-1.0691288,2.5768893,0.853443,-0.00063036487,1.1612655,0.21996501,1.0200899,0.6635153
1.1947588,0.9872133,2.572463,2.4367666,0.98968625,1.8482102,1.1696817,2.442921,-0.88969857,2.4364867,0.8041565,0.15845087,0.8959649,0.292797,1.237838,0.5364049
1.1751453,1.0116931,2.5302877,2.242134,1.1919788,1.9330883,1.3544773,2.3484175,-0.683446,2.2222707,0.7101631,0.28512907,0.45964643,0.22434798,1.446282,0.35024512
1.1012235,1.0070195,2.3646455,1.9364674,1.4333287,2.0053766,1.6179583,2.2943454,-0.4897927,2.008374,0.59456366,0.36841407,-0.09569881,0.019915665,1.6414376,0.1251536
1.0004025,0.974972,2.1186044,1.5798742,1.6541364,2.0238547,1.8800952,2.25089,-0.35567984,1.8354892,0.5123702,0.43088245,-0.6778956,-0.27954692,1.8081294,-0.11440869
0.9117953,0.9323877,1.8364654,1.2316115,1.7740618,1.9408361,2.026175,2.1490726,-0.31573677,1.7055372,0.5264596,0.51311946,-1.1724275,-0.6085405,1.9126772,-0.33849704
0.866909,0.8998009,1.5529279,0.93509954,1.733611,1.7314118,1.9639401,1.929644,-0.3708673,1.5972955,0.67331713,0.6478075,-1.4754697,-0.8957531,1.9101359,-0.51812875
0.8748064,0.88912064,1.2902759,0.7115317,1.5301265,1.4134669,1.6762846,1.5849903,-0.47933838,1.4913522,0.93863374,0.8389674,-1.5305319,-1.0848475,1.7645302,-0.6362525
0.9209045,0.8989067,1.0622034,0.5624055,1.227683,1.0473162,1.2404236,1.1717992,-0.56918615,1.389551,1.2568786,1.0570061,-1.3525704,-1.1510056,1.4714464,-0.6952389
0.9791125,0.91960675,0.8795137,0.47713393,0.93528587,0.71730196,0.80280954,0.7911758,-0.5679134,1.3186493,1.5352978,1.2501442,-1.0268401,-1.1080652,1.0694926,-0.714325
1.0285028,0.94386697,0.7527458,0.4406764,0.7640625,0.506361,0.5219262,0.54910225,-0.43479112,1.3164133,1.6902215,1.3649161,-0.68082607,-1.0041171,0.63238406,-0.7172227
1.0639331,0.97384524,0.6900199,0.43831086,0.7821113,0.47260043,0.50465256,0.5151298,-0.18014783,1.4067975,1.6782595,1.3662775,-0.44064155,-0.90682465,0.24342433,-0.7173763
1.0947592,1.0197108,0.6922551,0.4576626,0.98482555,0.6310935,0.7624009,0.69378585,0.13659133,1.5770196,1.5083604,1.2499161,-0.39066446,-0.88212585,-0.036466654,-0.7108644
1.132964,1.0892638,0.7491973,0.48904803,1.2930526,0.94378716,1.2048212,1.0181199,0.4293068,1.770803,1.2306687,1.0428927,-0.55240315,-0.9716636,-0.19185746,-0.68228126
1.177879,1.1746199,0.8382133,0.5241614,1.5825396,1.3243527,1.6748663,1.3693405,0.6202244,1.9056581,0.9097733,0.7926995,-0.8876211,-1.1759348,-0.25527874,-0.61963886
1.2070413,1.2449807,0.926096,0.5527512,1.7347903,1.6628855,2.011306,1.6175526,0.6744467,1.9083271,0.59696674,0.54897165,-1.3188957,-1.4505924,-0.2876019,-0.52718765
1.1802868,1.2523534,0.97399265,0.5587968,1.6865045,1.8637195,2.1102242,1.6676897,0.61822116,1.7495326,0.314372,0.3450994,-1.755446,-1.7201905,-0.34659892,-0.426366
1.0569052,1.1497586,0.9458224,0.5199458,1.4528155,1.878222,1.9567773,1.4902079,0.5297292,1.4576298,0.055028874,0.1869161,-2.1150794,-1.9063945,-0.45990494,-0.34451208
0.81678534,0.9128115,0.81898594,0.41315615,1.1137081,1.7158146,1.6160053,1.1239787,0.50443417,1.1036036,-0.20608914,0.052254934,-2.339646,-1.9596511,-0.6150177,-0.3006818
0.47224763,0.5518059,0.59307957,0.22489257,0.77430737,1.430339,1.1949003,0.6541024,0.61200464,0.76774216,-0.49860674,-0.099452384,-2.4046488,-1.8796737,-0.76883453,-0.29933807
0.062388357,0.10656764,0.29100454,-0.040442716,0.52222675,1.0926875,0.7996613,0.17844841,0.86729443,0.5075966,-0.8464076,-0.3116146,-2.321879,-1.7140638,-0.8695071,-0.3348068
-0.3662368,-0.3723477,-0.04989004,-0.36007947,0.40129516,0.76408964,0.50619864,-0.22265418,1.2288983,0.34206307,-1.2609541,-0.6140209,-2.1319852,-1.5349095,-0.8792725,-0.39988834
-0.7790818,-0.84348667,-0.39258423,-0.70112514,0.40734273,0.4790999,0.3482387,-0.5051672,1.6220508,0.25411564,-1.7363482,-1.010075,-1.8872705,-1.4050577,-0.78884774,-0.48970047
-1.1605123,-1.2831818,-0.7126375,-1.031832,0.5001992,0.24091193,0.3185916,-0.6661127,1.9701903,0.20523044,-2.2456923,-1.4713726,-1.6320311,-1.351643,-0.61925304,-0.5981963
-1.5059792,-1.6802244,-1.0012772,-1.328865,0.6224101,0.02813317,0.37839705,-0.7358244,2.2186522,0.15231356,-2.741166,-1.9418222,-1.3905843,-1.3597314,-0.41256145,-0.71281713
-1.8084935,-2.0238967,-1.2595296,-1.5780371,0.7171762,-0.19003184,0.47113693,-0.76227385,2.3426325,0.06051256,-3.1607842,-2.3510046,-1.1673094,-1.3860539,-0.216869,-0.81424415
-2.0512109,-2.295994,-1.4895984,-1.7714661,0.7413278,-0.4359537,0.5385152,-0.7939963,2.342052,-0.0908937,-3.441874,-2.633201,-0.9539538,-1.3811322,-0.07162644,-0.88231987
-2.2112663,-2.4725733,-1.689869,-1.9052981,0.67193174,-0.71076524,0.5347692,-0.8668665,2.2315,-0.3086332,-3.5371447,-2.745939,-0.73630273,-1.3062217,0.002348979,-0.9028801
-2.2706742,-2.5333662,-1.8549296,-1.9789002,0.5073411,-0.9927716,0.4366642,-0.99635184,2.032107,-0.5880884,-3.4272866,-2.6816404,-0.49731904,-1.1394558,0.006554653,-0.8703336
-2.2257423,-2.4721253,-1.9772868,-1.9934245,0.26460642,-1.2480954,0.24781169,-1.1747776,1.767078,-0.9150005,-3.1256967,-2.4683938,-0.22013906,-0.875032,-0.037686713,-0.786436
-2.0891182,-2.3017144,-2.0475452,-1.9486688,-0.025413943,-1.4480275,-0.0034388932,-1.3741739,1.4588561,-1.265626,-2.6745713,-2.1599107,0.10539996,-0.52189714,-0.096964516,-0.65953785
-1.8846089,-2.051636,-2.0538003,-1.8407096,-0.3251524,-1.5834423,-0.2728774,-1.556137,1.126371,-1.607732,-2.1345263,-1.8185767,0.47429693,-0.10360936,-0.13680279,-0.5059165
-1.639265,-1.7598373,-1.9837866,-1.664019,-0.5995121,-1.6680278,-0.5145705,-1.6872455,0.7835532,-1.9051968,-1.5709485,-1.4976621,0.86201507,0.34434098,-0.13248675,-0.34929818
-1.3774325,-1.4629257,-1.8312321,-1.4183778,-0.82525784,-1.7289389,-0.6957971,-1.7535658,0.44083628,-2.1265955,-1.0401645,-1.2284805,1.2291142,0.7830954,-0.0758115,-0.21403271
-1.1185166,-1.1886181,-1.6028286,-1.1159412,-0.9970823,-1.7914364,-0.8068712,-1.7661514,0.10853922,-2.2549934,-0.57827955,-1.0158212,1.5343055,1.1825606,0.024136988,-0.11381418
-0.87680405,-0.95198673,-1.3197478,-0.7824581,-1.127046,-1.8670247,-0.8616499,-1.753866,-0.20143919,-2.294172,-0.19524418,-0.84158385,1.750016,1.530059,0.14492457,-0.044743862
-0.6605181,-0.7547708,-1.0109084,-0.4506078,-1.2362622,-1.9502265,-0.8882588,-1.7469852,-0.47747576,-2.2668097,0.12410067,-0.67406934,1.8727151,1.8295845,0.25670156,0.00950669
-0.46929765,-0.58661956,-0.7016995,-0.14927708,-1.3407149,-2.0217977,-0.9131582,-1.7593919,-0.7110353,-2.203121,0.4116068,-0.47983798,1.9223193,2.091601,0.32857862,0.06226104
-0.29277074,-0.42856807,-0.40584376,0.1045054,-1.4362594,-2.053012,-0.9444218,-1.777083,-0.89589137,-2.1235948,0.7014771,-0.23560867,1.9297203,2.318868,0.33568746,0.10951278
-0.11415424,-0.2598531,-0.1260957,0.306361,-1.4904441,-2.0091827,-0.9621009,-1.7585024,-1.0225827,-2.024492,1.0138137,0.06236256,1.9173682,2.495605,0.2667744,0.12825175
0.08042254,-0.06713671,0.13695733,0.4586904,-1.4488055,-1.8559724,-0.92330974,-1.6494117,-1.0727646,-1.875976,1.3422917,0.3948884,1.8827999,2.5857208,0.12962581,0.089122
0.2918672,0.14840893,0.37475997,0.5633772,-1.2581272,-1.5722599,-0.7844198,-1.4099021,-1.0208285,-1.6375377,1.6526315,0.7254792,1.7959024,2.5424423,-0.049941614,-0.025984028
0.50502986,0.37163758,0.56742543,0.6191359,-0.89914393,-1.1666847,-0.53235936,-1.0428543,-0.8465689,-1.2851245,1.8946226,1.014137,1.6148992,2.327274,-0.23748249,-0.21342614
0.69615775,0.5825814,0.69074416,0.6256489,-0.41171163,-0.687395,-0.20722489,-0.6067282,-0.5543859,-0.83511883,2.022839,1.2326044,1.3149142,1.9315453,-0.4042316,-0.44914803
0.8460431,0.7680106,0.72944605,0.590314,0.10546383,-0.21418661,0.10184388,-0.19948421,-0.18687735,-0.34928456,2.0150375,1.3717597,0.91314715,1.3910571,-0.53838485,-0.696979
0.9485338,0.9258731,0.68692005,0.5297584,0.5269292,0.16817491,0.29209256,0.083107576,0.17995127,0.08545493,1.8783263,1.4364839,0.47409886,0.7858035,-0.6459136,-0.9160039
1.0072333,1.0579352,0.5829297,0.4615264,0.75190043,0.40318823,0.29782543,0.19270219,0.4632004,0.39316672,1.6416025,1.4327646,0.08901501,0.22244617,-0.7394506,-1.0642661
1.0231982,1.156027,0.43973005,0.3903189,0.74836665,0.4834546,0.12711982,0.14966346,0.6093867,0.54111,1.3416114,1.3581973,-0.16092522,-0.19546926,-0.82177186,-1.1029142
0.9848535,1.194206,0.26721594,0.30050462,0.5647602,0.4465462,-0.13907146,0.027254988,0.61842483,0.5500649,1.0119818,1.2043195,-0.23855929,-0.3990019,-0.875121,-1.005848
0.87050503,1.1362509,0.060164176,0.16447935,0.30192745,0.34891522,-0.38698643,-0.09050567,0.5379624,0.4783262,0.6793984,0.96935123,-0.16464683,-0.374916,-0.8652859,-0.7738607
0.66382915,0.9565529,-0.18846866,-0.035442058,0.06142254,0.23460029,-0.5268284,-0.15104762,0.42988086,0.39036062,0.36492917,0.671341,-0.0056611397,-0.16775343,-0.7603917,-0.4451164
0.37168464,0.66144115,-0.46812573,-0.2862583,-0.10034425,0.117883496,-0.533878,-0.15199307,0.33099338,0.32828584,0.086820334,0.35146153,0.15733036,0.13802525,-0.55406034,-0.09242098
0.030808225,0.2961563,-0.74148554,-0.5407989,-0.1875641,-0.01106404,-0.45186213,-0.12953196,0.2350947,0.29979756,-0.13704894,0.06470483,0.26267293,0.4478,-0.27812406,0.19610152
-0.30222255,-0.06823626,-0.9546407,-0.7358754,-0.24534623,-0.16402164,-0.35981387,-0.12758859,0.10827018,0.28486255,-0.28769052,-0.13637039,0.28840557,0.6850943,0.004458559,0.34669715
-0.57137716,-0.36068213,-1.0606655,-0.82072,-0.32143041,-0.3331123,-0.32489464,-0.1681368,-0.07514929,0.25357926,-0.34625775,-0.21629749,0.25024602,0.80692184,0.22355011,0.32702994
-0.73898584,-0.53405136,-1.0405647,-0.77771956,-0.43491814,-0.48553792,-0.36960584,-0.239652,-0.30345663,0.18430723,-0.30024704,-0.16459657,0.1816214,0.8029209,0.32913262,0.15784034
-0.7916144,-0.57539994,-0.9083695,-0.6245543,-0.56959677,-0.5783203,-0.46966133,-0.3078729,-0.52662563,0.074199,-0.15385145,0.003050188,0.11028689,0.68429136,0.3071376,-0.096194886
-0.73450524,-0.50078,-0.6994155,-0.40059304,-0.6909232,-0.5824803,-0.57776654,-0.33884913,-0.6831886,-0.060126193,0.0632579,0.24793541,0.04630378,0.4726131,0.17746653,-0.35139298
-0.58281136,-0.34193692,-0.4521338,-0.14929631,-0.77009857,-0.4999578,-0.6532829,-0.3176261,-0.7344371,-0.18946247,0.29639736,0.5146439,-0.014162053,0.19512203,-0.020488951,-0.53344077
-0.35763782,-0.13460454,-0.19571891,0.093143746,-0.79665184,-0.36244968,-0.677895,-0.25103712,-0.68207353,-0.28218675,0.47922796,0.7412302,-0.07719601,-0.11452069,-0.24314073,-0.5973159
-0.0880878,0.086521566,0.051152315,0.30074257,-0.77302945,-0.21402964,-0.651136,-0.1558003,-0.5600768,-0.3138191,0.55575603,0.8730526,-0.14334476,-0.4159791,-0.4500757,-0.5342522
0.1863188,0.28793696,0.27470452,0.45648098,-0.7004247,-0.08934335,-0.57550114,-0.043613125,-0.41109622,-0.27354544,0.50055224,0.8767018,-0.20794225,-0.6672264,-0.6038934,-0.3688878
0.4194296,0.43796408,0.4615796,0.5513533,-0.57118684,-3.5919154e-05,-0.44663745,0.08477878,-0.26624072,-0.16653168,0.32680598,0.74813604,-0.2642992,-0.833962,-0.6701768,-0.15109831
0.56964445,0.5112379,0.5999846,0.584364,-0.37495154,0.06502524,-0.25632885,0.23393968,-0.13961948,-0.0115286,0.078296445,0.51090115,-0.30357292,-0.898424,-0.62406397,0.05676919
0.61285335,0.49534276,0.68447626,0.5615232,-0.111644045,0.12900618,-0.0029343269,0.404128,-0.034745023,0.16575892,-0.18981001,0.20543818,-0.3124258,-0.862855,-0.46118757,0.19770837
0.5491109,0.39462632,0.71911293,0.49293378,0.20153911,0.21388844,0.3020445,0.5871707,0.047564935,0.34115615,-0.43086672,-0.12492513,-0.27442223,-0.74637234,-0.2034742,0.2381111
0.39921114,0.22778851,0.71590805,0.3894464,0.53512955,0.3317854,0.6370139,0.770295,0.10643885,0.4985348,-0.6181589,-0.4449918,-0.1769011,-0.5774095,0.107141785,0.1766065
0.19424887,0.020527065,0.68996716,0.26076767,0.85912323,0.4831903,0.9791152,0.94286805,0.14233288,0.6316548,-0.7453012,-0.73251194,-0.01804153,-0.38534787,0.4239633,0.03857615
-0.03522813,-0.2023752,0.6547752,0.11527603,1.1523585,0.6602234,1.3114811,1.1002141,0.1584337,0.7417682,-0.819587,-0.9775115,0.19165537,-0.19434363,0.71001416,-0.13875589
-0.26578376,-0.42198676,0.6198115,-0.03951961,1.4051759,0.85140246,1.625331,1.2430757,0.16012877,0.8336361,-0.85409015,-1.1788498,0.43376473,-0.020579364,0.9447375,-0.320872
